Route_ID,Trip_ID,Stop_ID,Stop_Sequence,Distance_to_Next_Stop_km,Scheduled_Arrival,Actual_Arrival,Scheduled_Departure,Actual_Departure,Attributed_Cause,Root_Cause_Detail
R-101,R-101-T-001,S-01,1,1.6,2024-03-15 06:05:00,2024-03-15 06:05:40,2024-03-15 06:08:50,2024-03-15 06:09:30,On Time,Within tolerance — 0.7m arrival variance
R-101,R-101-T-001,S-02,2,1.0,2024-03-15 06:13:13,2024-03-15 06:13:13,2024-03-15 06:14:35,2024-03-15 06:14:35,On Time,Within tolerance — 0.0m arrival variance
R-101,R-101-T-001,S-03,3,0.6,2024-03-15 06:18:28,2024-03-15 06:18:36,2024-03-15 06:19:19,2024-03-15 06:19:27,On Time,Within tolerance — 0.1m arrival variance
R-101,R-101-T-001,S-04,4,1.3,2024-03-15 06:21:20,2024-03-15 06:22:37,2024-03-15 06:22:37,2024-03-15 06:23:54,On Time,Within tolerance — 1.3m arrival variance
R-101,R-101-T-001,S-05,5,1.7,2024-03-15 06:27:31,2024-03-15 06:28:55,2024-03-15 06:28:52,2024-03-15 06:30:16,On Time,Within tolerance — 1.4m arrival variance
R-101,R-101-T-001,S-06,6,1.1,2024-03-15 06:35:25,2024-03-15 06:39:21,2024-03-15 06:36:26,2024-03-15 06:40:22,On Time,Within tolerance — 3.9m arrival variance
R-101,R-101-T-001,S-07,7,6.3,2024-03-15 06:39:35,2024-03-15 06:41:39,2024-03-15 06:40:31,2024-03-15 06:42:35,Unrealistic Timetable,Schedule physically impossible — requires 110 km/h between S-07 and next stop (urban bus max ~50 km/h)
R-101,R-101-T-001,S-08,8,0.9,2024-03-15 06:43:57,2024-03-15 06:45:44,2024-03-15 06:45:02,2024-03-15 06:46:49,On Time,Within tolerance — 1.8m arrival variance
R-101,R-101-T-001,S-09,9,2.1,2024-03-15 06:48:34,2024-03-15 06:49:42,2024-03-15 06:49:24,2024-03-15 06:50:32,On Time,Within tolerance — 1.1m arrival variance
R-101,R-101-T-001,S-10,10,0.8,2024-03-15 06:57:35,2024-03-15 06:57:59,2024-03-15 06:58:45,2024-03-15 06:59:09,On Time,Within tolerance — 0.4m arrival variance
R-101,R-101-T-001,S-11,11,0.0,2024-03-15 07:01:51,2024-03-15 07:04:04,2024-03-15 07:05:19,2024-03-15 07:07:32,On Time,Within tolerance — 2.2m arrival variance
R-101,R-101-T-002,S-01,1,0.6,2024-03-15 06:21:00,2024-03-15 06:21:00,2024-03-15 06:23:03,2024-03-15 06:30:35,Vehicle Turnaround Delay,Depot dispatch delay on R-101 — 8m late departure from first stop
R-101,R-101-T-002,S-02,2,0.7,2024-03-15 06:24:32,2024-03-15 06:32:41,2024-03-15 06:25:12,2024-03-15 06:33:21,On Time,Within tolerance — 8.2m arrival variance
R-101,R-101-T-002,S-03,3,0.5,2024-03-15 06:27:03,2024-03-15 06:33:21,2024-03-15 06:28:23,2024-03-15 06:34:41,On Time,Within tolerance — 6.3m arrival variance
R-101,R-101-T-002,S-04,4,2.6,2024-03-15 06:30:10,2024-03-15 06:34:41,2024-03-15 06:31:16,2024-03-15 06:35:47,On Time,Within tolerance — 4.5m arrival variance
R-101,R-101-T-002,S-05,5,2.6,2024-03-15 06:40:38,2024-03-15 06:45:21,2024-03-15 06:41:34,2024-03-15 06:46:17,On Time,Within tolerance — 4.7m arrival variance
R-101,R-101-T-002,S-06,6,2.1,2024-03-15 06:49:06,2024-03-15 06:51:33,2024-03-15 06:49:37,2024-03-15 06:52:04,On Time,Within tolerance — 2.5m arrival variance
R-101,R-101-T-002,S-07,7,6.8,2024-03-15 06:57:22,2024-03-15 06:58:04,2024-03-15 06:57:56,2024-03-15 06:58:38,Unrealistic Timetable,Schedule physically impossible — requires 111 km/h between S-07 and next stop (urban bus max ~50 km/h)
R-101,R-101-T-002,S-08,8,0.6,2024-03-15 07:01:36,2024-03-15 07:01:36,2024-03-15 07:02:38,2024-03-15 07:02:38,On Time,Within tolerance — 0.0m arrival variance
R-101,R-101-T-002,S-09,9,2.6,2024-03-15 07:04:24,2024-03-15 07:05:20,2024-03-15 07:05:13,2024-03-15 07:06:09,On Time,Within tolerance — 0.9m arrival variance
R-101,R-101-T-002,S-10,10,1.6,2024-03-15 07:12:23,2024-03-15 07:12:25,2024-03-15 07:13:52,2024-03-15 07:13:54,On Time,Within tolerance — 0.0m arrival variance
R-101,R-101-T-002,S-11,11,0.0,2024-03-15 07:18:23,2024-03-15 07:18:23,2024-03-15 07:21:47,2024-03-15 07:21:47,On Time,Within tolerance — 0.0m arrival variance
R-101,R-101-T-003,S-01,1,2.6,2024-03-15 06:34:00,2024-03-15 06:34:00,2024-03-15 06:37:01,2024-03-15 06:43:15,Vehicle Turnaround Delay,Depot dispatch delay on R-101 — 6m late departure from first stop
R-101,R-101-T-003,S-02,2,2.7,2024-03-15 06:44:32,2024-03-15 06:50:10,2024-03-15 06:45:06,2024-03-15 06:50:44,On Time,Within tolerance — 5.6m arrival variance
R-101,R-101-T-003,S-03,3,2.6,2024-03-15 06:53:36,2024-03-15 06:59:51,2024-03-15 06:54:49,2024-03-15 07:01:04,On Time,Within tolerance — 6.2m arrival variance
R-101,R-101-T-003,S-04,4,2.3,2024-03-15 07:04:56,2024-03-15 07:08:36,2024-03-15 07:06:26,2024-03-15 07:10:06,On Time,Within tolerance — 3.7m arrival variance
R-101,R-101-T-003,S-05,5,1.6,2024-03-15 07:15:33,2024-03-15 07:17:22,2024-03-15 07:16:51,2024-03-15 07:18:40,On Time,Within tolerance — 1.8m arrival variance
R-101,R-101-T-003,S-06,6,2.4,2024-03-15 07:21:28,2024-03-15 07:22:37,2024-03-15 07:22:23,2024-03-15 07:23:32,On Time,Within tolerance — 1.1m arrival variance
R-101,R-101-T-003,S-07,7,4.6,2024-03-15 07:31:49,2024-03-15 07:31:49,2024-03-15 07:32:21,2024-03-15 07:32:21,Unrealistic Timetable,Schedule physically impossible — requires 97 km/h between S-07 and next stop (urban bus max ~50 km/h)
R-101,R-101-T-003,S-08,8,1.2,2024-03-15 07:35:12,2024-03-15 07:35:12,2024-03-15 07:36:12,2024-03-15 07:36:12,On Time,Within tolerance — 0.0m arrival variance
R-101,R-101-T-003,S-09,9,1.7,2024-03-15 07:39:36,2024-03-15 07:39:36,2024-03-15 07:40:34,2024-03-15 07:40:34,On Time,Within tolerance — 0.0m arrival variance
R-101,R-101-T-003,S-10,10,2.4,2024-03-15 07:45:20,2024-03-15 07:46:33,2024-03-15 07:46:27,2024-03-15 07:47:40,On Time,Within tolerance — 1.2m arrival variance
R-101,R-101-T-003,S-11,11,0.0,2024-03-15 07:53:31,2024-03-15 07:53:43,2024-03-15 07:57:00,2024-03-15 07:57:12,On Time,Within tolerance — 0.2m arrival variance
R-101,R-101-T-004,S-01,1,2.8,2024-03-15 06:49:00,2024-03-15 06:49:00,2024-03-15 06:52:30,2024-03-15 06:52:30,On Time,Within tolerance — 0.0m arrival variance
R-101,R-101-T-004,S-02,2,2.6,2024-03-15 07:02:26,2024-03-15 07:02:26,2024-03-15 07:03:38,2024-03-15 07:03:38,On Time,Within tolerance — 0.0m arrival variance
R-101,R-101-T-004,S-03,3,0.6,2024-03-15 07:13:38,2024-03-15 07:14:08,2024-03-15 07:15:07,2024-03-15 07:15:37,On Time,Within tolerance — 0.5m arrival variance
R-101,R-101-T-004,S-04,4,1.6,2024-03-15 07:17:17,2024-03-15 07:18:24,2024-03-15 07:18:47,2024-03-15 07:19:54,On Time,Within tolerance — 1.1m arrival variance
R-101,R-101-T-004,S-05,5,0.7,2024-03-15 07:22:53,2024-03-15 07:24:20,2024-03-15 07:24:17,2024-03-15 07:25:44,On Time,Within tolerance — 1.4m arrival variance
R-101,R-101-T-004,S-06,6,1.2,2024-03-15 07:25:59,2024-03-15 07:26:52,2024-03-15 07:27:05,2024-03-15 07:27:58,On Time,Within tolerance — 0.9m arrival variance
R-101,R-101-T-004,S-07,7,4.2,2024-03-15 07:31:33,2024-03-15 07:31:33,2024-03-15 07:32:41,2024-03-15 07:32:41,Unrealistic Timetable,Schedule physically impossible — requires 82 km/h between S-07 and next stop (urban bus max ~50 km/h)
R-101,R-101-T-004,S-08,8,2.9,2024-03-15 07:35:46,2024-03-15 07:35:59,2024-03-15 07:36:54,2024-03-15 07:37:07,On Time,Within tolerance — 0.2m arrival variance
R-101,R-101-T-004,S-09,9,1.3,2024-03-15 07:47:12,2024-03-15 07:47:12,2024-03-15 07:48:15,2024-03-15 07:48:15,On Time,Within tolerance — 0.0m arrival variance
R-101,R-101-T-004,S-10,10,2.9,2024-03-15 07:52:20,2024-03-15 07:53:12,2024-03-15 07:53:46,2024-03-15 07:54:38,On Time,Within tolerance — 0.9m arrival variance
R-101,R-101-T-004,S-11,11,0.0,2024-03-15 08:01:44,2024-03-15 08:01:44,2024-03-15 08:04:34,2024-03-15 08:04:34,On Time,Within tolerance — 0.0m arrival variance
R-101,R-101-T-005,S-01,1,0.7,2024-03-15 06:59:00,2024-03-15 06:59:45,2024-03-15 07:02:27,2024-03-15 07:03:12,On Time,Within tolerance — 0.8m arrival variance
R-101,R-101-T-005,S-02,2,1.9,2024-03-15 07:04:50,2024-03-15 07:09:40,2024-03-15 07:06:14,2024-03-15 07:11:04,On Time,Within tolerance — 4.8m arrival variance
R-101,R-101-T-005,S-03,3,1.8,2024-03-15 07:12:53,2024-03-15 07:17:05,2024-03-15 07:13:38,2024-03-15 07:17:50,On Time,Within tolerance — 4.2m arrival variance
R-101,R-101-T-005,S-04,4,3.0,2024-03-15 07:19:56,2024-03-15 07:23:12,2024-03-15 07:21:17,2024-03-15 07:24:33,On Time,Within tolerance — 3.3m arrival variance
R-101,R-101-T-005,S-05,5,1.3,2024-03-15 07:31:13,2024-03-15 07:32:34,2024-03-15 07:32:28,2024-03-15 07:33:49,On Time,Within tolerance — 1.4m arrival variance
R-101,R-101-T-005,S-06,6,2.4,2024-03-15 07:37:01,2024-03-15 07:37:01,2024-03-15 07:38:04,2024-03-15 07:38:04,On Time,Within tolerance — 0.0m arrival variance
R-101,R-101-T-005,S-07,7,4.6,2024-03-15 07:46:27,2024-03-15 07:47:16,2024-03-15 07:47:00,2024-03-15 07:47:49,Unrealistic Timetable,Schedule assumes no traffic — requires 78 km/h from S-07; needs revision to allow for signals and stops
R-101,R-101-T-005,S-08,8,2.0,2024-03-15 07:50:32,2024-03-15 07:50:32,2024-03-15 07:51:53,2024-03-15 07:51:53,On Time,Within tolerance — 0.0m arrival variance
R-101,R-101-T-005,S-09,9,1.5,2024-03-15 07:58:26,2024-03-15 07:59:51,2024-03-15 07:59:14,2024-03-15 08:00:39,On Time,Within tolerance — 1.4m arrival variance
R-101,R-101-T-005,S-10,10,2.1,2024-03-15 08:05:12,2024-03-15 08:05:17,2024-03-15 08:06:42,2024-03-15 08:06:47,On Time,Within tolerance — 0.1m arrival variance
R-101,R-101-T-005,S-11,11,0.0,2024-03-15 08:14:37,2024-03-15 08:15:45,2024-03-15 08:17:49,2024-03-15 08:18:57,On Time,Within tolerance — 1.1m arrival variance
R-101,R-101-T-006,S-01,1,2.0,2024-03-15 07:19:00,2024-03-15 07:19:00,2024-03-15 07:22:55,2024-03-15 07:29:59,Vehicle Turnaround Delay,Depot dispatch delay on R-101 — 7m late departure from first stop
R-101,R-101-T-006,S-02,2,1.1,2024-03-15 07:28:53,2024-03-15 07:36:09,2024-03-15 07:29:55,2024-03-15 07:37:11,On Time,Within tolerance — 7.3m arrival variance
R-101,R-101-T-006,S-03,3,2.6,2024-03-15 07:33:51,2024-03-15 07:39:28,2024-03-15 07:35:07,2024-03-15 07:40:44,On Time,Within tolerance — 5.6m arrival variance
R-101,R-101-T-006,S-04,4,0.8,2024-03-15 07:43:53,2024-03-15 07:52:24,2024-03-15 07:44:51,2024-03-15 07:53:22,On Time,Within tolerance — 8.5m arrival variance
R-101,R-101-T-006,S-05,5,2.2,2024-03-15 07:46:48,2024-03-15 07:54:18,2024-03-15 07:47:59,2024-03-15 07:55:29,On Time,Within tolerance — 7.5m arrival variance
R-101,R-101-T-006,S-06,6,1.7,2024-03-15 07:53:19,2024-03-15 07:59:57,2024-03-15 07:54:11,2024-03-15 08:00:49,On Time,Within tolerance — 6.6m arrival variance
R-101,R-101-T-006,S-07,7,4.1,2024-03-15 07:59:44,2024-03-15 08:04:48,2024-03-15 08:01:03,2024-03-15 08:06:07,Unrealistic Timetable,Schedule physically impossible — requires 102 km/h between S-07 and next stop (urban bus max ~50 km/h)
R-101,R-101-T-006,S-08,8,0.7,2024-03-15 08:03:28,2024-03-15 08:08:21,2024-03-15 08:04:50,2024-03-15 08:09:43,On Time,Within tolerance — 4.9m arrival variance
R-101,R-101-T-006,S-09,9,2.8,2024-03-15 08:07:07,2024-03-15 08:11:58,2024-03-15 08:08:09,2024-03-15 08:13:00,On Time,Within tolerance — 4.8m arrival variance
R-101,R-101-T-006,S-10,10,1.7,2024-03-15 08:15:18,2024-03-15 08:21:50,2024-03-15 08:16:16,2024-03-15 08:22:48,On Time,Within tolerance — 6.5m arrival variance
R-101,R-101-T-006,S-11,11,0.0,2024-03-15 08:22:48,2024-03-15 08:28:58,2024-03-15 08:25:25,2024-03-15 08:31:35,On Time,Within tolerance — 6.2m arrival variance
R-101,R-101-T-007,S-01,1,2.5,2024-03-15 07:39:00,2024-03-15 07:39:00,2024-03-15 07:42:17,2024-03-15 07:48:16,Vehicle Turnaround Delay,Depot dispatch delay on R-101 — 6m late departure from first stop
R-101,R-101-T-007,S-02,2,2.3,2024-03-15 07:50:43,2024-03-15 07:58:10,2024-03-15 07:51:21,2024-03-15 07:58:48,On Time,Within tolerance — 7.5m arrival variance
R-101,R-101-T-007,S-03,3,2.4,2024-03-15 07:59:18,2024-03-15 08:04:48,2024-03-15 08:00:33,2024-03-15 08:06:03,On Time,Within tolerance — 5.5m arrival variance
R-101,R-101-T-007,S-04,4,2.5,2024-03-15 08:08:10,2024-03-15 08:13:19,2024-03-15 08:09:21,2024-03-15 08:14:30,On Time,Within tolerance — 5.2m arrival variance
R-101,R-101-T-007,S-05,5,1.6,2024-03-15 08:16:37,2024-03-15 08:20:42,2024-03-15 08:17:49,2024-03-15 08:21:54,On Time,Within tolerance — 4.1m arrival variance
R-101,R-101-T-007,S-06,6,0.5,2024-03-15 08:23:14,2024-03-15 08:28:32,2024-03-15 08:24:31,2024-03-15 08:29:49,On Time,Within tolerance — 5.3m arrival variance
R-101,R-101-T-007,S-07,7,5.7,2024-03-15 08:26:05,2024-03-15 08:32:15,2024-03-15 08:27:28,2024-03-15 08:33:38,Unrealistic Timetable,Schedule assumes no traffic — requires 77 km/h from S-07; needs revision to allow for signals and stops
R-101,R-101-T-007,S-08,8,0.8,2024-03-15 08:31:53,2024-03-15 08:36:26,2024-03-15 08:32:25,2024-03-15 08:42:10,Excessive Stop Dwell Time,Boarding surge — dwell exceeded schedule by 5m at S-08 (likely high-volume stop or accessibility ramp)
R-101,R-101-T-007,S-09,9,2.9,2024-03-15 08:35:17,2024-03-15 08:44:00,2024-03-15 08:36:24,2024-03-15 08:45:07,On Time,Within tolerance — 8.7m arrival variance
R-101,R-101-T-007,S-10,10,2.8,2024-03-15 08:47:33,2024-03-15 08:55:45,2024-03-15 08:48:54,2024-03-15 08:57:06,On Time,Within tolerance — 8.2m arrival variance
R-101,R-101-T-007,S-11,11,0.0,2024-03-15 08:59:24,2024-03-15 09:03:19,2024-03-15 09:03:17,2024-03-15 09:07:12,On Time,Within tolerance — 3.9m arrival variance
R-101,R-101-T-008,S-01,1,0.6,2024-03-15 07:54:00,2024-03-15 07:54:00,2024-03-15 07:56:20,2024-03-15 08:01:26,Vehicle Turnaround Delay,Depot dispatch delay on R-101 — 5m late departure from first stop
R-101,R-101-T-008,S-02,2,1.4,2024-03-15 07:58:17,2024-03-15 08:01:26,2024-03-15 07:58:50,2024-03-15 08:01:59,On Time,Within tolerance — 3.1m arrival variance
R-101,R-101-T-008,S-03,3,2.6,2024-03-15 08:03:13,2024-03-15 08:06:15,2024-03-15 08:03:49,2024-03-15 08:06:51,On Time,Within tolerance — 3.0m arrival variance
R-101,R-101-T-008,S-04,4,1.9,2024-03-15 08:14:07,2024-03-15 08:17:58,2024-03-15 08:14:40,2024-03-15 08:18:31,On Time,Within tolerance — 3.9m arrival variance
R-101,R-101-T-008,S-05,5,0.9,2024-03-15 08:19:55,2024-03-15 08:22:30,2024-03-15 08:20:37,2024-03-15 08:23:12,On Time,Within tolerance — 2.6m arrival variance
R-101,R-101-T-008,S-06,6,1.0,2024-03-15 08:23:00,2024-03-15 08:23:46,2024-03-15 08:24:19,2024-03-15 08:25:05,On Time,Within tolerance — 0.8m arrival variance
R-101,R-101-T-008,S-07,7,4.8,2024-03-15 08:27:35,2024-03-15 08:33:04,2024-03-15 08:28:25,2024-03-15 08:33:54,Unrealistic Timetable,Schedule physically impossible — requires 87 km/h between S-07 and next stop (urban bus max ~50 km/h)
R-101,R-101-T-008,S-08,8,1.6,2024-03-15 08:31:43,2024-03-15 08:36:32,2024-03-15 08:32:16,2024-03-15 08:37:05,On Time,Within tolerance — 4.8m arrival variance
R-101,R-101-T-008,S-09,9,0.6,2024-03-15 08:36:45,2024-03-15 08:39:38,2024-03-15 08:37:35,2024-03-15 08:40:28,On Time,Within tolerance — 2.9m arrival variance
R-101,R-101-T-008,S-10,10,3.0,2024-03-15 08:39:13,2024-03-15 08:40:41,2024-03-15 08:40:31,2024-03-15 08:41:59,On Time,Within tolerance — 1.5m arrival variance
R-101,R-101-T-008,S-11,11,0.0,2024-03-15 08:51:40,2024-03-15 08:56:33,2024-03-15 08:54:51,2024-03-15 08:59:44,On Time,Within tolerance — 4.9m arrival variance
R-101,R-101-T-009,S-01,1,0.6,2024-03-15 08:11:00,2024-03-15 08:11:00,2024-03-15 08:13:34,2024-03-15 08:13:34,On Time,Within tolerance — 0.0m arrival variance
R-101,R-101-T-009,S-02,2,1.8,2024-03-15 08:15:39,2024-03-15 08:16:32,2024-03-15 08:16:28,2024-03-15 08:17:21,On Time,Within tolerance — 0.9m arrival variance
R-101,R-101-T-009,S-03,3,0.7,2024-03-15 08:21:24,2024-03-15 08:24:55,2024-03-15 08:22:19,2024-03-15 08:25:50,On Time,Within tolerance — 3.5m arrival variance
R-101,R-101-T-009,S-04,4,2.3,2024-03-15 08:24:44,2024-03-15 08:29:29,2024-03-15 08:25:53,2024-03-15 08:34:23,Excessive Stop Dwell Time,Minor hold at S-04 — dwell over by 4m (possible fare dispute or door fault)
R-101,R-101-T-009,S-05,5,2.7,2024-03-15 08:34:16,2024-03-15 08:41:52,2024-03-15 08:35:13,2024-03-15 08:48:16,Excessive Stop Dwell Time,Boarding surge — dwell exceeded schedule by 5m at S-05 (likely high-volume stop or accessibility ramp)
R-101,R-101-T-009,S-06,6,2.6,2024-03-15 08:45:51,2024-03-15 08:57:26,2024-03-15 08:46:44,2024-03-15 08:58:19,Route Congestion Pattern,"Localised bottleneck near S-06 on R-101 — isolated arrival delay of 12m, dwell normal"
R-101,R-101-T-009,S-07,7,4.7,2024-03-15 08:53:37,2024-03-15 09:02:45,2024-03-15 08:54:15,2024-03-15 09:03:23,Unrealistic Timetable,Schedule physically impossible — requires 88 km/h between S-07 and next stop (urban bus max ~50 km/h)
R-101,R-101-T-009,S-08,8,0.9,2024-03-15 08:57:27,2024-03-15 09:06:02,2024-03-15 08:58:47,2024-03-15 09:07:22,On Time,Within tolerance — 8.6m arrival variance
R-101,R-101-T-009,S-09,9,1.6,2024-03-15 09:01:09,2024-03-15 09:16:04,2024-03-15 09:02:12,2024-03-15 09:17:07,Route Congestion Pattern,"Localised bottleneck near S-09 on R-101 — isolated arrival delay of 15m, dwell normal"
R-101,R-101-T-009,S-10,10,2.9,2024-03-15 09:06:57,2024-03-15 09:19:40,2024-03-15 09:08:18,2024-03-15 09:21:01,Route Congestion Pattern,"Localised bottleneck near S-10 on R-101 — isolated arrival delay of 13m, dwell normal"
R-101,R-101-T-009,S-11,11,0.0,2024-03-15 09:19:30,2024-03-15 09:32:34,2024-03-15 09:21:59,2024-03-15 09:35:03,Route Congestion Pattern,Sustained corridor congestion on R-101 — 3 consecutive stops showing 10m+ delays including S-11
R-101,R-101-T-010,S-01,1,2.3,2024-03-15 08:24:00,2024-03-15 08:24:00,2024-03-15 08:27:54,2024-03-15 08:27:54,On Time,Within tolerance — 0.0m arrival variance
R-102,R-102-T-001,S-01,1,0.8,2024-03-15 06:15:00,2024-03-15 06:15:07,2024-03-15 06:17:05,2024-03-15 06:17:12,On Time,Within tolerance — 0.1m arrival variance
R-102,R-102-T-001,S-02,2,1.5,2024-03-15 06:19:31,2024-03-15 06:19:31,2024-03-15 06:20:04,2024-03-15 06:20:04,On Time,Within tolerance — 0.0m arrival variance
R-102,R-102-T-001,S-03,3,1.9,2024-03-15 06:24:46,2024-03-15 06:26:07,2024-03-15 06:25:36,2024-03-15 06:26:57,On Time,Within tolerance — 1.4m arrival variance
R-102,R-102-T-001,S-04,4,1.7,2024-03-15 06:31:07,2024-03-15 06:31:55,2024-03-15 06:32:08,2024-03-15 06:32:56,On Time,Within tolerance — 0.8m arrival variance
R-102,R-102-T-001,S-05,5,1.7,2024-03-15 06:37:35,2024-03-15 06:37:35,2024-03-15 06:38:32,2024-03-15 06:38:32,On Time,Within tolerance — 0.0m arrival variance
R-102,R-102-T-001,S-06,6,1.6,2024-03-15 06:45:02,2024-03-15 06:45:02,2024-03-15 06:46:16,2024-03-15 06:46:16,On Time,Within tolerance — 0.0m arrival variance
R-102,R-102-T-001,S-07,7,0.7,2024-03-15 06:50:48,2024-03-15 06:51:10,2024-03-15 06:51:33,2024-03-15 06:51:55,On Time,Within tolerance — 0.4m arrival variance
R-102,R-102-T-001,S-08,8,1.9,2024-03-15 06:53:41,2024-03-15 06:53:41,2024-03-15 06:54:35,2024-03-15 06:54:35,On Time,Within tolerance — 0.0m arrival variance
R-102,R-102-T-001,S-09,9,5.6,2024-03-15 07:00:24,2024-03-15 07:00:24,2024-03-15 07:01:53,2024-03-15 07:01:53,Unrealistic Timetable,Schedule physically impossible — requires 118 km/h between S-09 and next stop (urban bus max ~50 km/h)
R-102,R-102-T-001,S-10,10,0.0,2024-03-15 07:04:44,2024-03-15 07:04:44,2024-03-15 07:08:34,2024-03-15 07:12:24,Excessive Stop Dwell Time,Minor hold at S-10 — dwell over by 4m (possible fare dispute or door fault)
R-102,R-102-T-002,S-01,1,3.0,2024-03-15 06:25:00,2024-03-15 06:25:17,2024-03-15 06:28:17,2024-03-15 06:33:12,Excessive Stop Dwell Time,Minor hold at S-01 — dwell over by 5m (possible fare dispute or door fault)
R-102,R-102-T-002,S-02,2,1.8,2024-03-15 06:36:41,2024-03-15 06:43:31,2024-03-15 06:37:37,2024-03-15 06:44:27,On Time,Within tolerance — 6.8m arrival variance
R-102,R-102-T-002,S-03,3,2.8,2024-03-15 06:43:24,2024-03-15 06:50:40,2024-03-15 06:44:41,2024-03-15 06:51:57,On Time,Within tolerance — 7.3m arrival variance
R-102,R-102-T-002,S-04,4,2.6,2024-03-15 06:54:27,2024-03-15 06:57:27,2024-03-15 06:55:39,2024-03-15 06:58:39,On Time,Within tolerance — 3.0m arrival variance
R-102,R-102-T-002,S-05,5,2.5,2024-03-15 07:02:53,2024-03-15 07:08:05,2024-03-15 07:04:04,2024-03-15 07:09:16,On Time,Within tolerance — 5.2m arrival variance
R-102,R-102-T-002,S-06,6,1.5,2024-03-15 07:11:48,2024-03-15 07:14:47,2024-03-15 07:12:29,2024-03-15 07:15:28,On Time,Within tolerance — 3.0m arrival variance
R-102,R-102-T-002,S-07,7,1.8,2024-03-15 07:17:08,2024-03-15 07:21:46,2024-03-15 07:18:30,2024-03-15 07:23:08,On Time,Within tolerance — 4.6m arrival variance
R-102,R-102-T-002,S-08,8,1.0,2024-03-15 07:24:38,2024-03-15 07:27:58,2024-03-15 07:25:28,2024-03-15 07:28:48,On Time,Within tolerance — 3.3m arrival variance
R-102,R-102-T-002,S-09,9,5.2,2024-03-15 07:28:26,2024-03-15 07:31:34,2024-03-15 07:29:45,2024-03-15 07:32:53,Unrealistic Timetable,Schedule assumes no traffic — requires 73 km/h from S-09; needs revision to allow for signals and stops
R-102,R-102-T-002,S-10,10,0.0,2024-03-15 07:34:01,2024-03-15 07:34:01,2024-03-15 07:38:01,2024-03-15 07:38:01,On Time,Within tolerance — 0.0m arrival variance
R-102,R-102-T-003,S-01,1,0.7,2024-03-15 06:42:00,2024-03-15 06:42:00,2024-03-15 06:46:00,2024-03-15 06:46:00,On Time,Within tolerance — 0.0m arrival variance
R-102,R-102-T-003,S-02,2,1.6,2024-03-15 06:48:20,2024-03-15 06:49:35,2024-03-15 06:49:29,2024-03-15 06:50:44,On Time,Within tolerance — 1.2m arrival variance
R-102,R-102-T-003,S-03,3,1.4,2024-03-15 06:55:37,2024-03-15 06:56:03,2024-03-15 06:56:48,2024-03-15 07:02:59,Excessive Stop Dwell Time,Boarding surge — dwell exceeded schedule by 6m at S-03 (likely high-volume stop or accessibility ramp)
R-102,R-102-T-003,S-04,4,1.2,2024-03-15 07:01:18,2024-03-15 07:06:28,2024-03-15 07:02:08,2024-03-15 07:07:18,On Time,Within tolerance — 5.2m arrival variance
R-102,R-102-T-003,S-05,5,1.8,2024-03-15 07:06:28,2024-03-15 07:08:49,2024-03-15 07:07:26,2024-03-15 07:09:47,On Time,Within tolerance — 2.4m arrival variance
R-102,R-102-T-003,S-06,6,1.1,2024-03-15 07:13:02,2024-03-15 07:14:07,2024-03-15 07:13:55,2024-03-15 07:15:00,On Time,Within tolerance — 1.1m arrival variance
R-102,R-102-T-003,S-07,7,1.7,2024-03-15 07:17:37,2024-03-15 07:18:05,2024-03-15 07:18:27,2024-03-15 07:18:55,On Time,Within tolerance — 0.5m arrival variance
R-102,R-102-T-003,S-08,8,0.5,2024-03-15 07:24:41,2024-03-15 07:26:54,2024-03-15 07:26:10,2024-03-15 07:32:50,Excessive Stop Dwell Time,Minor hold at S-08 — dwell over by 4m (possible fare dispute or door fault)
R-102,R-102-T-003,S-09,9,5.1,2024-03-15 07:28:00,2024-03-15 07:32:50,2024-03-15 07:28:55,2024-03-15 07:33:45,Unrealistic Timetable,Schedule physically impossible — requires 93 km/h between S-09 and next stop (urban bus max ~50 km/h)
R-102,R-102-T-003,S-10,10,0.0,2024-03-15 07:32:12,2024-03-15 07:36:02,2024-03-15 07:35:26,2024-03-15 07:39:16,On Time,Within tolerance — 3.8m arrival variance
R-102,R-102-T-004,S-01,1,2.1,2024-03-15 06:58:00,2024-03-15 06:58:34,2024-03-15 07:01:07,2024-03-15 07:01:41,On Time,Within tolerance — 0.6m arrival variance
R-102,R-102-T-004,S-02,2,2.1,2024-03-15 07:09:26,2024-03-15 07:10:01,2024-03-15 07:10:22,2024-03-15 07:10:57,On Time,Within tolerance — 0.6m arrival variance
R-102,R-102-T-004,S-03,3,2.5,2024-03-15 07:17:44,2024-03-15 07:17:45,2024-03-15 07:18:14,2024-03-15 07:18:15,On Time,Within tolerance — 0.0m arrival variance
R-102,R-102-T-004,S-04,4,1.5,2024-03-15 07:26:03,2024-03-15 07:26:03,2024-03-15 07:26:33,2024-03-15 07:31:40,Excessive Stop Dwell Time,Boarding surge — dwell exceeded schedule by 5m at S-04 (likely high-volume stop or accessibility ramp)
R-102,R-102-T-004,S-05,5,2.9,2024-03-15 07:32:14,2024-03-15 07:37:18,2024-03-15 07:33:22,2024-03-15 07:38:26,On Time,Within tolerance — 5.1m arrival variance
R-102,R-102-T-004,S-06,6,1.8,2024-03-15 07:42:28,2024-03-15 07:51:28,2024-03-15 07:43:12,2024-03-15 07:52:12,On Time,Within tolerance — 9.0m arrival variance
R-102,R-102-T-004,S-07,7,0.7,2024-03-15 07:47:55,2024-03-15 07:56:59,2024-03-15 07:48:51,2024-03-15 07:57:55,On Time,Within tolerance — 9.1m arrival variance
R-102,R-102-T-004,S-08,8,2.2,2024-03-15 07:50:40,2024-03-15 07:59:21,2024-03-15 07:51:24,2024-03-15 08:04:02,Excessive Stop Dwell Time,Minor hold at S-08 — dwell over by 4m (possible fare dispute or door fault)
R-102,R-102-T-004,S-09,9,4.7,2024-03-15 07:59:18,2024-03-15 08:11:22,2024-03-15 08:00:27,2024-03-15 08:12:31,Unrealistic Timetable,Schedule physically impossible — requires 106 km/h between S-09 and next stop (urban bus max ~50 km/h)
R-102,R-102-T-004,S-10,10,0.0,2024-03-15 08:03:07,2024-03-15 08:13:24,2024-03-15 08:06:46,2024-03-15 08:17:03,Route Congestion Pattern,"Localised bottleneck near S-10 on R-102 — isolated arrival delay of 10m, dwell normal"
R-102,R-102-T-005,S-01,1,2.4,2024-03-15 07:13:00,2024-03-15 07:13:00,2024-03-15 07:16:53,2024-03-15 07:22:27,Vehicle Turnaround Delay,Depot dispatch delay on R-102 — 6m late departure from first stop
R-102,R-102-T-005,S-02,2,2.6,2024-03-15 07:24:17,2024-03-15 07:28:44,2024-03-15 07:25:19,2024-03-15 07:29:46,On Time,Within tolerance — 4.5m arrival variance
R-102,R-102-T-005,S-03,3,0.7,2024-03-15 07:31:36,2024-03-15 07:33:23,2024-03-15 07:33:05,2024-03-15 07:34:52,On Time,Within tolerance — 1.8m arrival variance
R-102,R-102-T-005,S-04,4,1.9,2024-03-15 07:35:12,2024-03-15 07:38:27,2024-03-15 07:36:04,2024-03-15 07:39:19,On Time,Within tolerance — 3.2m arrival variance
R-102,R-102-T-005,S-05,5,0.5,2024-03-15 07:43:28,2024-03-15 07:44:00,2024-03-15 07:44:38,2024-03-15 07:45:10,On Time,Within tolerance — 0.5m arrival variance
R-102,R-102-T-005,S-06,6,2.6,2024-03-15 07:46:22,2024-03-15 07:46:22,2024-03-15 07:46:53,2024-03-15 07:46:53,On Time,Within tolerance — 0.0m arrival variance
R-102,R-102-T-005,S-07,7,1.7,2024-03-15 07:53:37,2024-03-15 07:53:37,2024-03-15 07:54:15,2024-03-15 07:54:15,On Time,Within tolerance — 0.0m arrival variance
R-102,R-102-T-005,S-08,8,1.4,2024-03-15 07:58:53,2024-03-15 08:03:39,2024-03-15 07:59:24,2024-03-15 08:04:10,On Time,Within tolerance — 4.8m arrival variance
R-102,R-102-T-005,S-09,9,4.4,2024-03-15 08:03:04,2024-03-15 08:07:07,2024-03-15 08:03:50,2024-03-15 08:07:53,Unrealistic Timetable,Schedule physically impossible — requires 111 km/h between S-09 and next stop (urban bus max ~50 km/h)
R-102,R-102-T-005,S-10,10,0.0,2024-03-15 08:06:13,2024-03-15 08:08:13,2024-03-15 08:10:13,2024-03-15 08:12:13,On Time,Within tolerance — 2.0m arrival variance
R-102,R-102-T-006,S-01,1,2.4,2024-03-15 07:27:00,2024-03-15 07:27:00,2024-03-15 07:29:36,2024-03-15 07:29:36,On Time,Within tolerance — 0.0m arrival variance
R-102,R-102-T-006,S-02,2,1.5,2024-03-15 07:35:58,2024-03-15 07:37:20,2024-03-15 07:37:25,2024-03-15 07:38:47,On Time,Within tolerance — 1.4m arrival variance
R-102,R-102-T-006,S-03,3,1.7,2024-03-15 07:42:59,2024-03-15 07:43:37,2024-03-15 07:44:20,2024-03-15 07:44:58,On Time,Within tolerance — 0.6m arrival variance
R-102,R-102-T-006,S-04,4,2.4,2024-03-15 07:49:47,2024-03-15 07:53:15,2024-03-15 07:50:36,2024-03-15 07:54:04,On Time,Within tolerance — 3.5m arrival variance
R-102,R-102-T-006,S-05,5,1.8,2024-03-15 07:56:27,2024-03-15 08:02:42,2024-03-15 07:57:36,2024-03-15 08:03:51,On Time,Within tolerance — 6.2m arrival variance
R-102,R-102-T-006,S-06,6,1.6,2024-03-15 08:03:17,2024-03-15 08:09:49,2024-03-15 08:03:53,2024-03-15 08:10:25,On Time,Within tolerance — 6.5m arrival variance
R-102,R-102-T-006,S-07,7,1.6,2024-03-15 08:09:11,2024-03-15 08:12:40,2024-03-15 08:10:38,2024-03-15 08:14:07,On Time,Within tolerance — 3.5m arrival variance
R-102,R-102-T-006,S-08,8,1.1,2024-03-15 08:14:29,2024-03-15 08:21:12,2024-03-15 08:15:31,2024-03-15 08:22:14,On Time,Within tolerance — 6.7m arrival variance
R-102,R-102-T-006,S-09,9,4.4,2024-03-15 08:18:40,2024-03-15 08:30:52,2024-03-15 08:19:21,2024-03-15 08:31:33,Unrealistic Timetable,Schedule physically impossible — requires 98 km/h between S-09 and next stop (urban bus max ~50 km/h)
R-102,R-102-T-006,S-10,10,0.0,2024-03-15 08:22:02,2024-03-15 08:35:20,2024-03-15 08:26:00,2024-03-15 08:39:18,Route Congestion Pattern,"Localised bottleneck near S-10 on R-102 — isolated arrival delay of 13m, dwell normal"
R-102,R-102-T-007,S-01,1,1.8,2024-03-15 07:40:00,2024-03-15 07:40:00,2024-03-15 07:42:17,2024-03-15 07:42:17,On Time,Within tolerance — 0.0m arrival variance
R-102,R-102-T-007,S-02,2,1.6,2024-03-15 07:48:27,2024-03-15 07:48:27,2024-03-15 07:49:42,2024-03-15 07:53:38,Excessive Stop Dwell Time,Minor hold at S-02 — dwell over by 4m (possible fare dispute or door fault)
R-102,R-102-T-007,S-03,3,2.5,2024-03-15 07:54:33,2024-03-15 07:55:54,2024-03-15 07:55:15,2024-03-15 07:56:36,On Time,Within tolerance — 1.4m arrival variance
R-102,R-102-T-007,S-04,4,1.8,2024-03-15 08:01:22,2024-03-15 08:02:42,2024-03-15 08:01:56,2024-03-15 08:03:16,On Time,Within tolerance — 1.3m arrival variance
R-102,R-102-T-007,S-05,5,0.7,2024-03-15 08:08:23,2024-03-15 08:09:21,2024-03-15 08:09:40,2024-03-15 08:10:38,On Time,Within tolerance — 1.0m arrival variance
R-102,R-102-T-007,S-06,6,1.6,2024-03-15 08:12:00,2024-03-15 08:12:00,2024-03-15 08:13:14,2024-03-15 08:13:14,On Time,Within tolerance — 0.0m arrival variance
R-102,R-102-T-007,S-07,7,2.1,2024-03-15 08:18:38,2024-03-15 08:19:50,2024-03-15 08:20:08,2024-03-15 08:21:20,On Time,Within tolerance — 1.2m arrival variance
R-102,R-102-T-007,S-08,8,2.5,2024-03-15 08:25:31,2024-03-15 08:27:14,2024-03-15 08:27:00,2024-03-15 08:28:43,On Time,Within tolerance — 1.7m arrival variance
R-102,R-102-T-007,S-09,9,5.5,2024-03-15 08:33:38,2024-03-15 08:34:23,2024-03-15 08:34:42,2024-03-15 08:39:52,Excessive Stop Dwell Time,Minor hold at S-09 — dwell over by 4m (possible fare dispute or door fault)
R-102,R-102-T-007,S-10,10,0.0,2024-03-15 08:38:13,2024-03-15 08:41:33,2024-03-15 08:40:50,2024-03-15 08:44:10,On Time,Within tolerance — 3.3m arrival variance
R-102,R-102-T-008,S-01,1,2.8,2024-03-15 07:50:00,2024-03-15 07:51:13,2024-03-15 07:52:12,2024-03-15 07:53:25,On Time,Within tolerance — 1.2m arrival variance
R-102,R-102-T-008,S-02,2,0.7,2024-03-15 08:03:12,2024-03-15 08:03:12,2024-03-15 08:04:35,2024-03-15 08:04:35,On Time,Within tolerance — 0.0m arrival variance
R-102,R-102-T-008,S-03,3,1.2,2024-03-15 08:06:50,2024-03-15 08:06:50,2024-03-15 08:07:34,2024-03-15 08:07:34,On Time,Within tolerance — 0.0m arrival variance
R-102,R-102-T-008,S-04,4,2.1,2024-03-15 08:10:29,2024-03-15 08:10:29,2024-03-15 08:10:59,2024-03-15 08:10:59,On Time,Within tolerance — 0.0m arrival variance
R-102,R-102-T-008,S-05,5,0.7,2024-03-15 08:16:02,2024-03-15 08:16:53,2024-03-15 08:17:08,2024-03-15 08:17:59,On Time,Within tolerance — 0.8m arrival variance
R-102,R-102-T-008,S-06,6,0.7,2024-03-15 08:18:59,2024-03-15 08:20:20,2024-03-15 08:19:38,2024-03-15 08:20:59,On Time,Within tolerance — 1.4m arrival variance
R-102,R-102-T-008,S-07,7,2.6,2024-03-15 08:21:46,2024-03-15 08:21:46,2024-03-15 08:22:42,2024-03-15 08:22:42,On Time,Within tolerance — 0.0m arrival variance
R-102,R-102-T-008,S-08,8,2.0,2024-03-15 08:32:52,2024-03-15 08:32:52,2024-03-15 08:33:50,2024-03-15 08:33:50,On Time,Within tolerance — 0.0m arrival variance
R-102,R-102-T-008,S-09,9,6.7,2024-03-15 08:40:41,2024-03-15 08:42:11,2024-03-15 08:41:44,2024-03-15 08:43:14,Unrealistic Timetable,Schedule physically impossible — requires 95 km/h between S-09 and next stop (urban bus max ~50 km/h)
R-102,R-102-T-008,S-10,10,0.0,2024-03-15 08:45:58,2024-03-15 08:46:16,2024-03-15 08:48:06,2024-03-15 08:48:24,On Time,Within tolerance — 0.3m arrival variance
R-102,R-102-T-009,S-01,1,0.9,2024-03-15 08:03:00,2024-03-15 08:03:00,2024-03-15 08:05:15,2024-03-15 08:05:15,On Time,Within tolerance — 0.0m arrival variance
R-102,R-102-T-009,S-02,2,2.8,2024-03-15 08:08:21,2024-03-15 08:09:07,2024-03-15 08:09:14,2024-03-15 08:10:00,On Time,Within tolerance — 0.8m arrival variance
R-102,R-102-T-009,S-03,3,1.4,2024-03-15 08:18:59,2024-03-15 08:19:05,2024-03-15 08:19:30,2024-03-15 08:19:36,On Time,Within tolerance — 0.1m arrival variance
R-102,R-102-T-009,S-04,4,0.9,2024-03-15 08:25:05,2024-03-15 08:26:32,2024-03-15 08:26:03,2024-03-15 08:27:30,On Time,Within tolerance — 1.4m arrival variance
R-102,R-102-T-009,S-05,5,3.0,2024-03-15 08:29:25,2024-03-15 08:32:22,2024-03-15 08:30:29,2024-03-15 08:33:26,On Time,Within tolerance — 3.0m arrival variance
R-102,R-102-T-009,S-06,6,1.2,2024-03-15 08:38:10,2024-03-15 08:38:10,2024-03-15 08:38:58,2024-03-15 08:38:58,On Time,Within tolerance — 0.0m arrival variance
R-102,R-102-T-009,S-07,7,0.7,2024-03-15 08:42:49,2024-03-15 08:42:49,2024-03-15 08:43:44,2024-03-15 08:43:44,On Time,Within tolerance — 0.0m arrival variance
R-102,R-102-T-009,S-08,8,2.9,2024-03-15 08:45:38,2024-03-15 08:46:21,2024-03-15 08:46:36,2024-03-15 08:47:19,On Time,Within tolerance — 0.7m arrival variance
R-102,R-102-T-009,S-09,9,4.7,2024-03-15 08:57:17,2024-03-15 08:57:17,2024-03-15 08:58:40,2024-03-15 09:02:42,Excessive Stop Dwell Time,Minor hold at S-09 — dwell over by 4m (possible fare dispute or door fault)
R-102,R-102-T-009,S-10,10,0.0,2024-03-15 09:01:36,2024-03-15 09:06:45,2024-03-15 09:04:20,2024-03-15 09:09:29,On Time,Within tolerance — 5.2m arrival variance
R-102,R-102-T-010,S-01,1,1.5,2024-03-15 08:13:00,2024-03-15 08:13:00,2024-03-15 08:15:44,2024-03-15 08:23:22,Vehicle Turnaround Delay,Depot dispatch delay on R-102 — 8m late departure from first stop
R-102,R-102-T-010,S-02,2,0.8,2024-03-15 08:20:30,2024-03-15 08:26:06,2024-03-15 08:21:52,2024-03-15 08:27:28,On Time,Within tolerance — 5.6m arrival variance
R-102,R-102-T-010,S-03,3,2.9,2024-03-15 08:24:47,2024-03-15 08:31:24,2024-03-15 08:25:56,2024-03-15 08:36:39,Excessive Stop Dwell Time,Minor hold at S-03 — dwell over by 4m (possible fare dispute or door fault)
R-102,R-102-T-010,S-04,4,0.7,2024-03-15 08:36:52,2024-03-15 08:47:46,2024-03-15 08:37:51,2024-03-15 08:48:45,Route Congestion Pattern,"Localised bottleneck near S-04 on R-102 — isolated arrival delay of 11m, dwell normal"
R-102,R-102-T-010,S-05,5,1.1,2024-03-15 08:40:06,2024-03-15 08:48:45,2024-03-15 08:41:19,2024-03-15 08:49:58,On Time,Within tolerance — 8.7m arrival variance
R-102,R-102-T-010,S-06,6,2.7,2024-03-15 08:44:22,2024-03-15 08:53:19,2024-03-15 08:45:18,2024-03-15 08:54:15,On Time,Within tolerance — 8.9m arrival variance
R-102,R-102-T-010,S-07,7,2.0,2024-03-15 08:52:12,2024-03-15 08:59:04,2024-03-15 08:53:06,2024-03-15 08:59:58,On Time,Within tolerance — 6.9m arrival variance
R-102,R-102-T-010,S-08,8,0.9,2024-03-15 08:58:51,2024-03-15 09:10:04,2024-03-15 09:00:09,2024-03-15 09:11:22,Route Congestion Pattern,"Localised bottleneck near S-08 on R-102 — isolated arrival delay of 11m, dwell normal"
R-102,R-102-T-010,S-09,9,4.2,2024-03-15 09:03:20,2024-03-15 09:13:41,2024-03-15 09:04:15,2024-03-15 09:14:36,Unrealistic Timetable,Schedule assumes no traffic — requires 75 km/h from S-09; needs revision to allow for signals and stops
R-102,R-102-T-010,S-10,10,0.0,2024-03-15 09:07:37,2024-03-15 09:16:23,2024-03-15 09:10:47,2024-03-15 09:19:33,On Time,Within tolerance — 8.8m arrival variance
R-103,R-103-T-001,S-01,1,2.8,2024-03-15 06:00:00,2024-03-15 06:00:00,2024-03-15 06:02:27,2024-03-15 06:06:51,Excessive Stop Dwell Time,Minor hold at S-01 — dwell over by 4m (possible fare dispute or door fault)
R-103,R-103-T-001,S-02,2,3.0,2024-03-15 06:10:55,2024-03-15 06:13:51,2024-03-15 06:12:24,2024-03-15 06:15:20,On Time,Within tolerance — 2.9m arrival variance
R-103,R-103-T-001,S-03,3,2.5,2024-03-15 06:22:34,2024-03-15 06:24:32,2024-03-15 06:23:39,2024-03-15 06:25:37,On Time,Within tolerance — 2.0m arrival variance
R-103,R-103-T-001,S-04,4,5.6,2024-03-15 06:32:22,2024-03-15 06:33:11,2024-03-15 06:33:30,2024-03-15 06:34:19,Unrealistic Timetable,Schedule physically impossible — requires 96 km/h between S-04 and next stop (urban bus max ~50 km/h)
R-103,R-103-T-001,S-05,5,2.6,2024-03-15 06:37:00,2024-03-15 06:41:08,2024-03-15 06:37:39,2024-03-15 06:41:47,On Time,Within tolerance — 4.1m arrival variance
R-103,R-103-T-001,S-06,6,0.8,2024-03-15 06:44:49,2024-03-15 06:46:59,2024-03-15 06:46:03,2024-03-15 06:48:13,On Time,Within tolerance — 2.2m arrival variance
R-103,R-103-T-001,S-07,7,2.7,2024-03-15 06:48:01,2024-03-15 06:50:36,2024-03-15 06:49:19,2024-03-15 06:51:54,On Time,Within tolerance — 2.6m arrival variance
R-103,R-103-T-001,S-08,8,1.3,2024-03-15 06:57:15,2024-03-15 06:58:39,2024-03-15 06:58:28,2024-03-15 06:59:52,On Time,Within tolerance — 1.4m arrival variance
R-103,R-103-T-001,S-09,9,1.7,2024-03-15 07:02:06,2024-03-15 07:02:31,2024-03-15 07:02:55,2024-03-15 07:07:49,Excessive Stop Dwell Time,Minor hold at S-09 — dwell over by 4m (possible fare dispute or door fault)
R-103,R-103-T-001,S-10,10,0.0,2024-03-15 07:07:29,2024-03-15 07:09:14,2024-03-15 07:09:46,2024-03-15 07:11:31,On Time,Within tolerance — 1.8m arrival variance
R-103,R-103-T-002,S-01,1,0.8,2024-03-15 06:13:00,2024-03-15 06:14:29,2024-03-15 06:16:40,2024-03-15 06:18:09,On Time,Within tolerance — 1.5m arrival variance
R-103,R-103-T-002,S-02,2,1.6,2024-03-15 06:18:43,2024-03-15 06:19:34,2024-03-15 06:19:37,2024-03-15 06:20:28,On Time,Within tolerance — 0.8m arrival variance
R-103,R-103-T-002,S-03,3,2.1,2024-03-15 06:25:50,2024-03-15 06:26:52,2024-03-15 06:26:57,2024-03-15 06:27:59,On Time,Within tolerance — 1.0m arrival variance
R-103,R-103-T-002,S-04,4,4.7,2024-03-15 06:35:13,2024-03-15 06:35:45,2024-03-15 06:35:47,2024-03-15 06:36:19,Unrealistic Timetable,Schedule assumes no traffic — requires 76 km/h from S-04; needs revision to allow for signals and stops
R-103,R-103-T-002,S-05,5,1.5,2024-03-15 06:39:31,2024-03-15 06:42:00,2024-03-15 06:40:10,2024-03-15 06:42:39,On Time,Within tolerance — 2.5m arrival variance
R-103,R-103-T-002,S-06,6,2.4,2024-03-15 06:44:55,2024-03-15 06:47:21,2024-03-15 06:45:40,2024-03-15 06:48:06,On Time,Within tolerance — 2.4m arrival variance
R-103,R-103-T-002,S-07,7,0.9,2024-03-15 06:54:12,2024-03-15 06:55:16,2024-03-15 06:55:26,2024-03-15 06:56:30,On Time,Within tolerance — 1.1m arrival variance
R-103,R-103-T-002,S-08,8,2.7,2024-03-15 06:57:49,2024-03-15 06:58:21,2024-03-15 06:59:03,2024-03-15 06:59:35,On Time,Within tolerance — 0.5m arrival variance
R-103,R-103-T-002,S-09,9,2.1,2024-03-15 07:08:11,2024-03-15 07:08:11,2024-03-15 07:09:28,2024-03-15 07:09:28,On Time,Within tolerance — 0.0m arrival variance
R-103,R-103-T-002,S-10,10,0.0,2024-03-15 07:15:32,2024-03-15 07:15:32,2024-03-15 07:17:34,2024-03-15 07:17:34,On Time,Within tolerance — 0.0m arrival variance
R-103,R-103-T-003,S-01,1,2.8,2024-03-15 06:30:00,2024-03-15 06:31:17,2024-03-15 06:33:46,2024-03-15 06:35:03,On Time,Within tolerance — 1.3m arrival variance
R-103,R-103-T-003,S-02,2,1.6,2024-03-15 06:41:20,2024-03-15 06:41:20,2024-03-15 06:42:03,2024-03-15 06:42:03,On Time,Within tolerance — 0.0m arrival variance
R-103,R-103-T-003,S-03,3,2.7,2024-03-15 06:47:51,2024-03-15 06:49:09,2024-03-15 06:49:21,2024-03-15 06:50:39,On Time,Within tolerance — 1.3m arrival variance
R-103,R-103-T-003,S-04,4,6.4,2024-03-15 06:58:08,2024-03-15 06:58:08,2024-03-15 06:59:18,2024-03-15 06:59:18,Unrealistic Timetable,Schedule physically impossible — requires 82 km/h between S-04 and next stop (urban bus max ~50 km/h)
R-103,R-103-T-003,S-05,5,1.9,2024-03-15 07:04:00,2024-03-15 07:04:00,2024-03-15 07:04:40,2024-03-15 07:04:40,On Time,Within tolerance — 0.0m arrival variance
R-103,R-103-T-003,S-06,6,2.4,2024-03-15 07:11:22,2024-03-15 07:11:22,2024-03-15 07:12:04,2024-03-15 07:12:04,On Time,Within tolerance — 0.0m arrival variance
R-103,R-103-T-003,S-07,7,2.8,2024-03-15 07:20:07,2024-03-15 07:21:07,2024-03-15 07:21:09,2024-03-15 07:22:09,On Time,Within tolerance — 1.0m arrival variance
R-103,R-103-T-003,S-08,8,2.2,2024-03-15 07:30:57,2024-03-15 07:31:21,2024-03-15 07:32:07,2024-03-15 07:32:31,On Time,Within tolerance — 0.4m arrival variance
R-103,R-103-T-003,S-09,9,2.9,2024-03-15 07:39:35,2024-03-15 07:39:48,2024-03-15 07:40:29,2024-03-15 07:43:49,Excessive Stop Dwell Time,Minor hold at S-09 — dwell over by 3m (possible fare dispute or door fault)
R-103,R-103-T-003,S-10,10,0.0,2024-03-15 07:49:11,2024-03-15 07:51:31,2024-03-15 07:51:30,2024-03-15 07:53:50,On Time,Within tolerance — 2.3m arrival variance
R-103,R-103-T-004,S-01,1,1.9,2024-03-15 06:44:00,2024-03-15 06:44:00,2024-03-15 06:46:58,2024-03-15 06:46:58,On Time,Within tolerance — 0.0m arrival variance
R-103,R-103-T-004,S-02,2,2.9,2024-03-15 06:54:29,2024-03-15 06:55:55,2024-03-15 06:55:22,2024-03-15 06:56:48,On Time,Within tolerance — 1.4m arrival variance
R-103,R-103-T-004,S-03,3,1.1,2024-03-15 07:02:25,2024-03-15 07:03:35,2024-03-15 07:03:29,2024-03-15 07:09:20,Excessive Stop Dwell Time,Minor hold at S-03 — dwell over by 5m (possible fare dispute or door fault)
R-103,R-103-T-004,S-04,4,5.3,2024-03-15 07:06:16,2024-03-15 07:13:02,2024-03-15 07:07:31,2024-03-15 07:19:37,Excessive Stop Dwell Time,Boarding surge — dwell exceeded schedule by 5m at S-04 (likely high-volume stop or accessibility ramp)
R-103,R-103-T-004,S-05,5,2.1,2024-03-15 07:11:28,2024-03-15 07:21:24,2024-03-15 07:12:39,2024-03-15 07:22:35,On Time,Within tolerance — 9.9m arrival variance
R-103,R-103-T-004,S-06,6,2.5,2024-03-15 07:19:50,2024-03-15 07:28:51,2024-03-15 07:20:36,2024-03-15 07:29:37,On Time,Within tolerance — 9.0m arrival variance
R-103,R-103-T-004,S-07,7,2.0,2024-03-15 07:26:38,2024-03-15 07:34:30,2024-03-15 07:27:18,2024-03-15 07:35:10,On Time,Within tolerance — 7.9m arrival variance
R-103,R-103-T-004,S-08,8,1.1,2024-03-15 07:35:04,2024-03-15 07:41:21,2024-03-15 07:36:05,2024-03-15 07:42:22,On Time,Within tolerance — 6.3m arrival variance
R-103,R-103-T-004,S-09,9,1.3,2024-03-15 07:39:06,2024-03-15 07:45:45,2024-03-15 07:39:42,2024-03-15 07:46:21,On Time,Within tolerance — 6.7m arrival variance
R-103,R-103-T-004,S-10,10,0.0,2024-03-15 07:44:13,2024-03-15 07:48:43,2024-03-15 07:46:25,2024-03-15 07:50:55,On Time,Within tolerance — 4.5m arrival variance
R-103,R-103-T-005,S-01,1,0.7,2024-03-15 06:58:00,2024-03-15 06:58:00,2024-03-15 07:00:22,2024-03-15 07:00:22,On Time,Within tolerance — 0.0m arrival variance
R-103,R-103-T-005,S-02,2,1.0,2024-03-15 07:02:15,2024-03-15 07:02:15,2024-03-15 07:03:43,2024-03-15 07:03:43,On Time,Within tolerance — 0.0m arrival variance
R-103,R-103-T-005,S-03,3,1.4,2024-03-15 07:06:40,2024-03-15 07:09:50,2024-03-15 07:07:54,2024-03-15 07:11:04,On Time,Within tolerance — 3.2m arrival variance
R-103,R-103-T-005,S-04,4,5.6,2024-03-15 07:11:33,2024-03-15 07:15:26,2024-03-15 07:12:19,2024-03-15 07:16:12,Unrealistic Timetable,Schedule physically impossible — requires 104 km/h between S-04 and next stop (urban bus max ~50 km/h)
R-103,R-103-T-005,S-05,5,1.4,2024-03-15 07:15:32,2024-03-15 07:16:38,2024-03-15 07:16:13,2024-03-15 07:17:19,On Time,Within tolerance — 1.1m arrival variance
R-103,R-103-T-005,S-06,6,1.3,2024-03-15 07:19:54,2024-03-15 07:19:54,2024-03-15 07:20:27,2024-03-15 07:20:27,On Time,Within tolerance — 0.0m arrival variance
R-103,R-103-T-005,S-07,7,2.9,2024-03-15 07:24:34,2024-03-15 07:26:58,2024-03-15 07:25:50,2024-03-15 07:28:14,On Time,Within tolerance — 2.4m arrival variance
R-103,R-103-T-005,S-08,8,0.7,2024-03-15 07:33:14,2024-03-15 07:33:14,2024-03-15 07:34:40,2024-03-15 07:34:40,On Time,Within tolerance — 0.0m arrival variance
R-103,R-103-T-005,S-09,9,2.3,2024-03-15 07:36:54,2024-03-15 07:36:54,2024-03-15 07:38:22,2024-03-15 07:38:22,On Time,Within tolerance — 0.0m arrival variance
R-103,R-103-T-005,S-10,10,0.0,2024-03-15 07:44:33,2024-03-15 07:45:10,2024-03-15 07:47:16,2024-03-15 07:47:53,On Time,Within tolerance — 0.6m arrival variance
R-103,R-103-T-006,S-01,1,1.5,2024-03-15 07:18:00,2024-03-15 07:18:00,2024-03-15 07:20:17,2024-03-15 07:24:45,Excessive Stop Dwell Time,Minor hold at S-01 — dwell over by 4m (possible fare dispute or door fault)
R-103,R-103-T-006,S-02,2,1.5,2024-03-15 07:24:56,2024-03-15 07:33:22,2024-03-15 07:26:24,2024-03-15 07:34:50,On Time,Within tolerance — 8.4m arrival variance
R-103,R-103-T-006,S-03,3,0.7,2024-03-15 07:30:26,2024-03-15 07:42:36,2024-03-15 07:31:52,2024-03-15 07:44:02,Route Congestion Pattern,"Localised bottleneck near S-03 on R-103 — isolated arrival delay of 12m, dwell normal"
R-103,R-103-T-006,S-04,4,5.8,2024-03-15 07:34:10,2024-03-15 07:47:06,2024-03-15 07:35:16,2024-03-15 07:48:12,Unrealistic Timetable,Schedule physically impossible — requires 113 km/h between S-04 and next stop (urban bus max ~50 km/h)
R-103,R-103-T-006,S-05,5,1.6,2024-03-15 07:38:21,2024-03-15 07:48:20,2024-03-15 07:39:12,2024-03-15 07:49:11,On Time,Within tolerance — 10.0m arrival variance
R-103,R-103-T-006,S-06,6,2.0,2024-03-15 07:45:15,2024-03-15 07:55:24,2024-03-15 07:46:40,2024-03-15 07:56:49,Route Congestion Pattern,"Localised bottleneck near S-06 on R-103 — isolated arrival delay of 10m, dwell normal"
R-103,R-103-T-006,S-07,7,2.1,2024-03-15 07:52:54,2024-03-15 08:01:50,2024-03-15 07:54:08,2024-03-15 08:03:04,On Time,Within tolerance — 8.9m arrival variance
R-103,R-103-T-006,S-08,8,2.2,2024-03-15 08:01:21,2024-03-15 08:09:13,2024-03-15 08:02:13,2024-03-15 08:10:05,On Time,Within tolerance — 7.9m arrival variance
R-103,R-103-T-006,S-09,9,2.6,2024-03-15 08:08:50,2024-03-15 08:20:08,2024-03-15 08:09:32,2024-03-15 08:20:50,Route Congestion Pattern,"Localised bottleneck near S-09 on R-103 — isolated arrival delay of 11m, dwell normal"
R-103,R-103-T-006,S-10,10,0.0,2024-03-15 08:18:10,2024-03-15 08:27:29,2024-03-15 08:20:11,2024-03-15 08:29:30,On Time,Within tolerance — 9.3m arrival variance
R-103,R-103-T-007,S-01,1,2.7,2024-03-15 07:34:00,2024-03-15 07:35:02,2024-03-15 07:36:11,2024-03-15 07:37:13,On Time,Within tolerance — 1.0m arrival variance
R-103,R-103-T-007,S-02,2,1.2,2024-03-15 07:45:48,2024-03-15 07:45:48,2024-03-15 07:46:45,2024-03-15 07:46:45,On Time,Within tolerance — 0.0m arrival variance
R-103,R-103-T-007,S-03,3,1.5,2024-03-15 07:50:13,2024-03-15 07:50:13,2024-03-15 07:50:44,2024-03-15 07:50:44,On Time,Within tolerance — 0.0m arrival variance
R-103,R-103-T-007,S-04,4,4.4,2024-03-15 07:55:18,2024-03-15 07:55:18,2024-03-15 07:55:58,2024-03-15 07:55:58,Unrealistic Timetable,Schedule physically impossible — requires 81 km/h between S-04 and next stop (urban bus max ~50 km/h)
R-103,R-103-T-007,S-05,5,1.2,2024-03-15 07:59:13,2024-03-15 07:59:13,2024-03-15 08:00:38,2024-03-15 08:05:10,Excessive Stop Dwell Time,Minor hold at S-05 — dwell over by 5m (possible fare dispute or door fault)
R-103,R-103-T-007,S-06,6,1.5,2024-03-15 08:04:16,2024-03-15 08:07:49,2024-03-15 08:05:22,2024-03-15 08:08:55,On Time,Within tolerance — 3.5m arrival variance
R-103,R-103-T-007,S-07,7,2.5,2024-03-15 08:09:21,2024-03-15 08:11:50,2024-03-15 08:10:02,2024-03-15 08:12:31,On Time,Within tolerance — 2.5m arrival variance
R-103,R-103-T-007,S-08,8,1.0,2024-03-15 08:19:10,2024-03-15 08:22:03,2024-03-15 08:20:19,2024-03-15 08:23:12,On Time,Within tolerance — 2.9m arrival variance
R-103,R-103-T-007,S-09,9,2.3,2024-03-15 08:23:22,2024-03-15 08:23:22,2024-03-15 08:24:32,2024-03-15 08:24:32,On Time,Within tolerance — 0.0m arrival variance
R-103,R-103-T-007,S-10,10,0.0,2024-03-15 08:30:53,2024-03-15 08:30:53,2024-03-15 08:33:00,2024-03-15 08:33:00,On Time,Within tolerance — 0.0m arrival variance
R-103,R-103-T-008,S-01,1,0.9,2024-03-15 07:48:00,2024-03-15 07:48:00,2024-03-15 07:51:19,2024-03-15 07:57:22,Vehicle Turnaround Delay,Depot dispatch delay on R-103 — 6m late departure from first stop
R-103,R-103-T-008,S-02,2,2.0,2024-03-15 07:53:43,2024-03-15 07:57:50,2024-03-15 07:55:09,2024-03-15 07:59:16,On Time,Within tolerance — 4.1m arrival variance
R-103,R-103-T-008,S-03,3,2.5,2024-03-15 08:01:26,2024-03-15 08:04:11,2024-03-15 08:02:39,2024-03-15 08:05:24,On Time,Within tolerance — 2.8m arrival variance
R-103,R-103-T-008,S-04,4,4.5,2024-03-15 08:11:00,2024-03-15 08:12:45,2024-03-15 08:12:10,2024-03-15 08:13:55,Unrealistic Timetable,Schedule physically impossible — requires 119 km/h between S-04 and next stop (urban bus max ~50 km/h)
R-103,R-103-T-008,S-05,5,1.1,2024-03-15 08:14:26,2024-03-15 08:14:26,2024-03-15 08:15:30,2024-03-15 08:21:02,Excessive Stop Dwell Time,Boarding surge — dwell exceeded schedule by 6m at S-05 (likely high-volume stop or accessibility ramp)
R-103,R-103-T-008,S-06,6,2.8,2024-03-15 08:19:15,2024-03-15 08:29:58,2024-03-15 08:20:35,2024-03-15 08:31:18,Route Congestion Pattern,"Localised bottleneck near S-06 on R-103 — isolated arrival delay of 11m, dwell normal"
R-103,R-103-T-008,S-07,7,1.7,2024-03-15 08:28:33,2024-03-15 08:38:53,2024-03-15 08:29:07,2024-03-15 08:45:03,Excessive Stop Dwell Time,Boarding surge — dwell exceeded schedule by 6m at S-07 (likely high-volume stop or accessibility ramp)
R-103,R-103-T-008,S-08,8,0.7,2024-03-15 08:34:34,2024-03-15 08:47:51,2024-03-15 08:35:41,2024-03-15 08:48:58,Route Congestion Pattern,Sustained corridor congestion on R-103 — 3 consecutive stops showing 10m+ delays including S-08
R-103,R-103-T-008,S-09,9,1.9,2024-03-15 08:38:14,2024-03-15 08:50:47,2024-03-15 08:38:46,2024-03-15 08:51:19,Route Congestion Pattern,Sustained corridor congestion on R-103 — 3 consecutive stops showing 10m+ delays including S-09
R-103,R-103-T-008,S-10,10,0.0,2024-03-15 08:44:13,2024-03-15 08:56:26,2024-03-15 08:47:01,2024-03-15 08:59:14,Route Congestion Pattern,Sustained corridor congestion on R-103 — 3 consecutive stops showing 10m+ delays including S-10
R-103,R-103-T-009,S-01,1,1.2,2024-03-15 07:58:00,2024-03-15 07:58:18,2024-03-15 08:01:47,2024-03-15 08:02:05,On Time,Within tolerance — 0.3m arrival variance
R-103,R-103-T-009,S-02,2,3.0,2024-03-15 08:05:35,2024-03-15 08:07:04,2024-03-15 08:06:47,2024-03-15 08:08:16,On Time,Within tolerance — 1.5m arrival variance
R-103,R-103-T-009,S-03,3,1.9,2024-03-15 08:15:22,2024-03-15 08:18:08,2024-03-15 08:15:53,2024-03-15 08:18:39,On Time,Within tolerance — 2.8m arrival variance
R-103,R-103-T-009,S-04,4,4.4,2024-03-15 08:22:30,2024-03-15 08:28:14,2024-03-15 08:23:18,2024-03-15 08:29:02,Unrealistic Timetable,Schedule assumes no traffic — requires 74 km/h from S-04; needs revision to allow for signals and stops
R-103,R-103-T-009,S-05,5,1.2,2024-03-15 08:26:53,2024-03-15 08:31:54,2024-03-15 08:27:28,2024-03-15 08:32:29,On Time,Within tolerance — 5.0m arrival variance
R-103,R-103-T-009,S-06,6,0.7,2024-03-15 08:31:05,2024-03-15 08:35:46,2024-03-15 08:31:41,2024-03-15 08:36:22,On Time,Within tolerance — 4.7m arrival variance
R-103,R-103-T-009,S-07,7,2.7,2024-03-15 08:33:48,2024-03-15 08:36:35,2024-03-15 08:34:28,2024-03-15 08:37:15,On Time,Within tolerance — 2.8m arrival variance
R-103,R-103-T-009,S-08,8,1.4,2024-03-15 08:44:37,2024-03-15 08:45:58,2024-03-15 08:45:20,2024-03-15 08:46:41,On Time,Within tolerance — 1.4m arrival variance
R-103,R-103-T-009,S-09,9,1.0,2024-03-15 08:50:45,2024-03-15 08:51:28,2024-03-15 08:52:04,2024-03-15 08:52:47,On Time,Within tolerance — 0.7m arrival variance
R-103,R-103-T-009,S-10,10,0.0,2024-03-15 08:55:47,2024-03-15 08:56:32,2024-03-15 08:59:11,2024-03-15 08:59:56,On Time,Within tolerance — 0.8m arrival variance
R-103,R-103-T-010,S-01,1,2.5,2024-03-15 08:14:00,2024-03-15 08:14:00,2024-03-15 08:16:49,2024-03-15 08:21:49,Vehicle Turnaround Delay,Depot dispatch delay on R-103 — 5m late departure from first stop
R-103,R-103-T-010,S-02,2,2.7,2024-03-15 08:24:32,2024-03-15 08:33:54,2024-03-15 08:25:06,2024-03-15 08:34:28,On Time,Within tolerance — 9.4m arrival variance
R-103,R-103-T-010,S-03,3,2.6,2024-03-15 08:33:45,2024-03-15 08:43:26,2024-03-15 08:34:20,2024-03-15 08:44:01,On Time,Within tolerance — 9.7m arrival variance
R-103,R-103-T-010,S-04,4,6.8,2024-03-15 08:42:10,2024-03-15 08:56:29,2024-03-15 08:43:07,2024-03-15 08:57:26,Unrealistic Timetable,Schedule assumes no traffic — requires 80 km/h from S-04; needs revision to allow for signals and stops
R-103,R-103-T-010,S-05,5,0.7,2024-03-15 08:48:14,2024-03-15 09:01:37,2024-03-15 08:49:06,2024-03-15 09:08:16,Excessive Stop Dwell Time,Boarding surge — dwell exceeded schedule by 6m at S-05 (likely high-volume stop or accessibility ramp)
R-103,R-103-T-010,S-06,6,0.8,2024-03-15 08:51:30,2024-03-15 09:08:16,2024-03-15 08:52:47,2024-03-15 09:09:33,Route Congestion Pattern,Sustained corridor congestion on R-103 — 3 consecutive stops showing 10m+ delays including S-06
R-103,R-103-T-010,S-07,7,0.9,2024-03-15 08:55:09,2024-03-15 09:09:33,2024-03-15 08:56:07,2024-03-15 09:10:31,Route Congestion Pattern,Sustained corridor congestion on R-103 — 3 consecutive stops showing 10m+ delays including S-07
R-103,R-103-T-010,S-08,8,1.8,2024-03-15 08:59:42,2024-03-15 09:14:02,2024-03-15 09:00:13,2024-03-15 09:14:33,Route Congestion Pattern,Sustained corridor congestion on R-103 — 3 consecutive stops showing 10m+ delays including S-08
R-103,R-103-T-010,S-09,9,2.9,2024-03-15 09:04:50,2024-03-15 09:17:55,2024-03-15 09:05:22,2024-03-15 09:24:16,Excessive Stop Dwell Time,Boarding surge — dwell exceeded schedule by 6m at S-09 (likely high-volume stop or accessibility ramp)
R-103,R-103-T-010,S-10,10,0.0,2024-03-15 09:15:57,2024-03-15 09:30:29,2024-03-15 09:17:57,2024-03-15 09:32:29,Route Congestion Pattern,Sustained corridor congestion on R-103 — 3 consecutive stops showing 10m+ delays including S-10
R-104,R-104-T-001,S-01,1,6.0,2024-03-15 06:30:00,2024-03-15 06:31:27,2024-03-15 06:32:24,2024-03-15 06:37:55,Vehicle Turnaround Delay,Depot dispatch delay on R-104 — 6m late departure from first stop
R-104,R-104-T-001,S-02,2,2.5,2024-03-15 06:36:38,2024-03-15 06:42:01,2024-03-15 06:37:52,2024-03-15 06:43:15,On Time,Within tolerance — 5.4m arrival variance
R-104,R-104-T-001,S-03,3,1.3,2024-03-15 06:47:27,2024-03-15 06:51:51,2024-03-15 06:48:51,2024-03-15 06:53:15,On Time,Within tolerance — 4.4m arrival variance
R-104,R-104-T-001,S-04,4,1.9,2024-03-15 06:52:59,2024-03-15 06:58:14,2024-03-15 06:54:15,2024-03-15 06:59:30,On Time,Within tolerance — 5.2m arrival variance
R-104,R-104-T-001,S-05,5,0.9,2024-03-15 06:58:59,2024-03-15 07:08:33,2024-03-15 06:59:51,2024-03-15 07:09:25,On Time,Within tolerance — 9.6m arrival variance
R-104,R-104-T-001,S-06,6,3.0,2024-03-15 07:03:26,2024-03-15 07:14:08,2024-03-15 07:04:02,2024-03-15 07:14:44,Route Congestion Pattern,"Localised bottleneck near S-06 on R-104 — isolated arrival delay of 11m, dwell normal"
R-104,R-104-T-001,S-07,7,1.7,2024-03-15 07:15:50,2024-03-15 07:25:59,2024-03-15 07:17:00,2024-03-15 07:27:09,Route Congestion Pattern,"Localised bottleneck near S-07 on R-104 — isolated arrival delay of 10m, dwell normal"
R-104,R-104-T-001,S-08,8,1.7,2024-03-15 07:22:15,2024-03-15 07:31:04,2024-03-15 07:22:51,2024-03-15 07:31:40,On Time,Within tolerance — 8.8m arrival variance
R-104,R-104-T-001,S-09,9,2.0,2024-03-15 07:29:17,2024-03-15 07:35:51,2024-03-15 07:30:43,2024-03-15 07:37:17,On Time,Within tolerance — 6.6m arrival variance
R-104,R-104-T-001,S-10,10,0.0,2024-03-15 07:37:39,2024-03-15 07:41:40,2024-03-15 07:40:47,2024-03-15 07:44:48,On Time,Within tolerance — 4.0m arrival variance
R-104,R-104-T-002,S-01,1,5.4,2024-03-15 06:44:00,2024-03-15 06:44:00,2024-03-15 06:47:11,2024-03-15 06:47:11,Unrealistic Timetable,Schedule physically impossible — requires 92 km/h between S-01 and next stop (urban bus max ~50 km/h)
R-104,R-104-T-002,S-02,2,1.5,2024-03-15 06:50:42,2024-03-15 06:50:42,2024-03-15 06:51:59,2024-03-15 06:51:59,On Time,Within tolerance — 0.0m arrival variance
R-104,R-104-T-002,S-03,3,0.5,2024-03-15 06:56:10,2024-03-15 06:56:10,2024-03-15 06:57:08,2024-03-15 06:57:08,On Time,Within tolerance — 0.0m arrival variance
R-104,R-104-T-002,S-04,4,1.9,2024-03-15 06:59:06,2024-03-15 06:59:06,2024-03-15 06:59:44,2024-03-15 06:59:44,On Time,Within tolerance — 0.0m arrival variance
R-104,R-104-T-002,S-05,5,1.1,2024-03-15 07:05:47,2024-03-15 07:09:55,2024-03-15 07:06:48,2024-03-15 07:10:56,On Time,Within tolerance — 4.1m arrival variance
R-104,R-104-T-002,S-06,6,2.0,2024-03-15 07:10:18,2024-03-15 07:16:30,2024-03-15 07:11:48,2024-03-15 07:18:00,On Time,Within tolerance — 6.2m arrival variance
R-104,R-104-T-002,S-07,7,1.1,2024-03-15 07:18:06,2024-03-15 07:21:20,2024-03-15 07:19:28,2024-03-15 07:22:42,On Time,Within tolerance — 3.2m arrival variance
R-104,R-104-T-002,S-08,8,2.7,2024-03-15 07:22:33,2024-03-15 07:24:20,2024-03-15 07:23:45,2024-03-15 07:25:32,On Time,Within tolerance — 1.8m arrival variance
R-104,R-104-T-002,S-09,9,2.1,2024-03-15 07:31:31,2024-03-15 07:32:38,2024-03-15 07:32:52,2024-03-15 07:33:59,On Time,Within tolerance — 1.1m arrival variance
R-104,R-104-T-002,S-10,10,0.0,2024-03-15 07:39:33,2024-03-15 07:40:16,2024-03-15 07:43:31,2024-03-15 07:44:14,On Time,Within tolerance — 0.7m arrival variance
R-104,R-104-T-003,S-01,1,5.9,2024-03-15 06:57:00,2024-03-15 06:57:00,2024-03-15 06:59:17,2024-03-15 07:04:56,Vehicle Turnaround Delay,Depot dispatch delay on R-104 — 6m late departure from first stop
R-104,R-104-T-003,S-02,2,2.2,2024-03-15 07:02:42,2024-03-15 07:08:38,2024-03-15 07:04:01,2024-03-15 07:09:57,On Time,Within tolerance — 5.9m arrival variance
R-104,R-104-T-003,S-03,3,2.7,2024-03-15 07:11:39,2024-03-15 07:15:24,2024-03-15 07:12:31,2024-03-15 07:16:16,On Time,Within tolerance — 3.8m arrival variance
R-104,R-104-T-003,S-04,4,2.5,2024-03-15 07:19:55,2024-03-15 07:25:13,2024-03-15 07:20:33,2024-03-15 07:25:51,On Time,Within tolerance — 5.3m arrival variance
R-104,R-104-T-003,S-05,5,1.2,2024-03-15 07:30:26,2024-03-15 07:31:45,2024-03-15 07:31:50,2024-03-15 07:33:09,On Time,Within tolerance — 1.3m arrival variance
R-104,R-104-T-003,S-06,6,1.4,2024-03-15 07:36:13,2024-03-15 07:36:54,2024-03-15 07:36:54,2024-03-15 07:37:35,On Time,Within tolerance — 0.7m arrival variance
R-104,R-104-T-003,S-07,7,2.7,2024-03-15 07:42:25,2024-03-15 07:42:25,2024-03-15 07:42:58,2024-03-15 07:42:58,On Time,Within tolerance — 0.0m arrival variance
R-104,R-104-T-003,S-08,8,1.5,2024-03-15 07:53:40,2024-03-15 07:55:07,2024-03-15 07:54:21,2024-03-15 07:55:48,On Time,Within tolerance — 1.4m arrival variance
R-104,R-104-T-003,S-09,9,1.8,2024-03-15 07:58:00,2024-03-15 07:58:57,2024-03-15 07:59:28,2024-03-15 08:00:25,On Time,Within tolerance — 0.9m arrival variance
R-104,R-104-T-003,S-10,10,0.0,2024-03-15 08:05:23,2024-03-15 08:06:51,2024-03-15 08:09:07,2024-03-15 08:10:35,On Time,Within tolerance — 1.5m arrival variance
R-104,R-104-T-004,S-01,1,5.4,2024-03-15 07:17:00,2024-03-15 07:17:00,2024-03-15 07:19:47,2024-03-15 07:19:47,Unrealistic Timetable,Schedule physically impossible — requires 105 km/h between S-01 and next stop (urban bus max ~50 km/h)
R-104,R-104-T-004,S-02,2,0.7,2024-03-15 07:22:53,2024-03-15 07:23:41,2024-03-15 07:23:27,2024-03-15 07:30:01,Excessive Stop Dwell Time,Boarding surge — dwell exceeded schedule by 6m at S-02 (likely high-volume stop or accessibility ramp)
R-104,R-104-T-004,S-03,3,2.5,2024-03-15 07:25:29,2024-03-15 07:30:01,2024-03-15 07:26:18,2024-03-15 07:30:50,On Time,Within tolerance — 4.5m arrival variance
R-104,R-104-T-004,S-04,4,2.6,2024-03-15 07:34:29,2024-03-15 07:36:08,2024-03-15 07:35:51,2024-03-15 07:37:30,On Time,Within tolerance — 1.6m arrival variance
R-104,R-104-T-004,S-05,5,2.1,2024-03-15 07:46:14,2024-03-15 07:48:33,2024-03-15 07:47:36,2024-03-15 07:49:55,On Time,Within tolerance — 2.3m arrival variance
R-104,R-104-T-004,S-06,6,2.3,2024-03-15 07:55:31,2024-03-15 07:56:42,2024-03-15 07:56:44,2024-03-15 07:57:55,On Time,Within tolerance — 1.2m arrival variance
R-104,R-104-T-004,S-07,7,0.9,2024-03-15 08:04:04,2024-03-15 08:04:34,2024-03-15 08:05:05,2024-03-15 08:05:35,On Time,Within tolerance — 0.5m arrival variance
R-104,R-104-T-004,S-08,8,2.4,2024-03-15 08:08:07,2024-03-15 08:09:23,2024-03-15 08:09:27,2024-03-15 08:10:43,On Time,Within tolerance — 1.3m arrival variance
R-104,R-104-T-004,S-09,9,1.0,2024-03-15 08:17:28,2024-03-15 08:18:20,2024-03-15 08:18:18,2024-03-15 08:19:10,On Time,Within tolerance — 0.9m arrival variance
R-104,R-104-T-004,S-10,10,0.0,2024-03-15 08:21:04,2024-03-15 08:21:32,2024-03-15 08:23:32,2024-03-15 08:24:00,On Time,Within tolerance — 0.5m arrival variance
R-104,R-104-T-005,S-01,1,6.8,2024-03-15 07:31:00,2024-03-15 07:32:11,2024-03-15 07:34:23,2024-03-15 07:35:34,Unrealistic Timetable,Schedule physically impossible — requires 115 km/h between S-01 and next stop (urban bus max ~50 km/h)
R-104,R-104-T-005,S-02,2,0.8,2024-03-15 07:37:55,2024-03-15 07:37:55,2024-03-15 07:38:57,2024-03-15 07:38:57,On Time,Within tolerance — 0.0m arrival variance
R-104,R-104-T-005,S-03,3,2.8,2024-03-15 07:41:44,2024-03-15 07:45:37,2024-03-15 07:42:46,2024-03-15 07:46:39,On Time,Within tolerance — 3.9m arrival variance
R-104,R-104-T-005,S-04,4,1.7,2024-03-15 07:50:21,2024-03-15 07:51:58,2024-03-15 07:50:54,2024-03-15 07:52:31,On Time,Within tolerance — 1.6m arrival variance
R-104,R-104-T-005,S-05,5,1.0,2024-03-15 07:56:28,2024-03-15 08:00:05,2024-03-15 07:57:15,2024-03-15 08:00:52,On Time,Within tolerance — 3.6m arrival variance
R-104,R-104-T-005,S-06,6,0.6,2024-03-15 08:00:07,2024-03-15 08:01:20,2024-03-15 08:01:34,2024-03-15 08:07:09,Excessive Stop Dwell Time,Minor hold at S-06 — dwell over by 4m (possible fare dispute or door fault)
R-104,R-104-T-005,S-07,7,1.1,2024-03-15 08:03:04,2024-03-15 08:08:08,2024-03-15 08:04:09,2024-03-15 08:09:13,On Time,Within tolerance — 5.1m arrival variance
R-104,R-104-T-005,S-08,8,1.5,2024-03-15 08:07:22,2024-03-15 08:11:01,2024-03-15 08:08:24,2024-03-15 08:16:11,Excessive Stop Dwell Time,Minor hold at S-08 — dwell over by 4m (possible fare dispute or door fault)
R-104,R-104-T-005,S-09,9,3.0,2024-03-15 08:13:36,2024-03-15 08:18:25,2024-03-15 08:14:55,2024-03-15 08:19:44,On Time,Within tolerance — 4.8m arrival variance
R-104,R-104-T-005,S-10,10,0.0,2024-03-15 08:23:01,2024-03-15 08:29:36,2024-03-15 08:25:58,2024-03-15 08:32:33,On Time,Within tolerance — 6.6m arrival variance
R-104,R-104-T-006,S-01,1,5.8,2024-03-15 07:47:00,2024-03-15 07:47:00,2024-03-15 07:50:45,2024-03-15 07:57:53,Vehicle Turnaround Delay,Depot dispatch delay on R-104 — 7m late departure from first stop
R-104,R-104-T-006,S-02,2,1.5,2024-03-15 07:54:36,2024-03-15 08:01:27,2024-03-15 07:55:40,2024-03-15 08:02:31,On Time,Within tolerance — 6.8m arrival variance
R-104,R-104-T-006,S-03,3,1.0,2024-03-15 08:01:35,2024-03-15 08:06:14,2024-03-15 08:02:51,2024-03-15 08:07:30,On Time,Within tolerance — 4.7m arrival variance
R-104,R-104-T-006,S-04,4,1.3,2024-03-15 08:06:07,2024-03-15 08:09:48,2024-03-15 08:06:59,2024-03-15 08:10:40,On Time,Within tolerance — 3.7m arrival variance
R-104,R-104-T-006,S-05,5,0.7,2024-03-15 08:11:40,2024-03-15 08:14:11,2024-03-15 08:12:19,2024-03-15 08:14:50,On Time,Within tolerance — 2.5m arrival variance
R-104,R-104-T-006,S-06,6,1.8,2024-03-15 08:14:06,2024-03-15 08:17:47,2024-03-15 08:14:48,2024-03-15 08:18:29,On Time,Within tolerance — 3.7m arrival variance
R-104,R-104-T-006,S-07,7,2.2,2024-03-15 08:20:16,2024-03-15 08:22:36,2024-03-15 08:21:24,2024-03-15 08:23:44,On Time,Within tolerance — 2.3m arrival variance
R-104,R-104-T-006,S-08,8,1.9,2024-03-15 08:27:01,2024-03-15 08:28:57,2024-03-15 08:27:37,2024-03-15 08:33:47,Excessive Stop Dwell Time,Minor hold at S-08 — dwell over by 4m (possible fare dispute or door fault)
R-104,R-104-T-006,S-09,9,2.5,2024-03-15 08:35:13,2024-03-15 08:40:27,2024-03-15 08:35:57,2024-03-15 08:41:11,On Time,Within tolerance — 5.2m arrival variance
R-104,R-104-T-006,S-10,10,0.0,2024-03-15 08:42:03,2024-03-15 08:45:33,2024-03-15 08:46:03,2024-03-15 08:49:33,On Time,Within tolerance — 3.5m arrival variance
R-104,R-104-T-007,S-01,1,6.8,2024-03-15 08:06:00,2024-03-15 08:06:36,2024-03-15 08:09:58,2024-03-15 08:10:34,Unrealistic Timetable,Schedule assumes no traffic — requires 80 km/h from S-01; needs revision to allow for signals and stops
R-104,R-104-T-007,S-02,2,1.7,2024-03-15 08:15:04,2024-03-15 08:15:51,2024-03-15 08:16:04,2024-03-15 08:16:51,On Time,Within tolerance — 0.8m arrival variance
R-104,R-104-T-007,S-03,3,2.3,2024-03-15 08:21:02,2024-03-15 08:22:11,2024-03-15 08:22:29,2024-03-15 08:23:38,On Time,Within tolerance — 1.1m arrival variance
R-104,R-104-T-007,S-04,4,1.6,2024-03-15 08:31:28,2024-03-15 08:31:48,2024-03-15 08:32:23,2024-03-15 08:32:43,On Time,Within tolerance — 0.3m arrival variance
R-104,R-104-T-007,S-05,5,1.8,2024-03-15 08:38:30,2024-03-15 08:38:33,2024-03-15 08:39:43,2024-03-15 08:39:46,On Time,Within tolerance — 0.1m arrival variance
R-104,R-104-T-007,S-06,6,0.7,2024-03-15 08:46:41,2024-03-15 08:46:41,2024-03-15 08:47:41,2024-03-15 08:47:41,On Time,Within tolerance — 0.0m arrival variance
R-104,R-104-T-007,S-07,7,1.5,2024-03-15 08:49:28,2024-03-15 08:51:24,2024-03-15 08:50:53,2024-03-15 08:52:49,On Time,Within tolerance — 1.9m arrival variance
R-104,R-104-T-007,S-08,8,2.4,2024-03-15 08:56:33,2024-03-15 08:56:33,2024-03-15 08:57:42,2024-03-15 08:57:42,On Time,Within tolerance — 0.0m arrival variance
R-104,R-104-T-007,S-09,9,2.6,2024-03-15 09:06:48,2024-03-15 09:07:16,2024-03-15 09:08:12,2024-03-15 09:08:40,On Time,Within tolerance — 0.5m arrival variance
R-104,R-104-T-007,S-10,10,0.0,2024-03-15 09:18:02,2024-03-15 09:18:45,2024-03-15 09:21:58,2024-03-15 09:22:41,On Time,Within tolerance — 0.7m arrival variance
R-104,R-104-T-008,S-01,1,6.9,2024-03-15 08:24:00,2024-03-15 08:24:00,2024-03-15 08:26:32,2024-03-15 08:26:32,Unrealistic Timetable,Schedule assumes no traffic — requires 75 km/h from S-01; needs revision to allow for signals and stops
R-104,R-104-T-008,S-02,2,1.8,2024-03-15 08:32:03,2024-03-15 08:32:03,2024-03-15 08:32:53,2024-03-15 08:32:53,On Time,Within tolerance — 0.0m arrival variance
R-104,R-104-T-008,S-03,3,2.8,2024-03-15 08:39:24,2024-03-15 08:40:34,2024-03-15 08:40:34,2024-03-15 08:41:44,On Time,Within tolerance — 1.2m arrival variance
R-104,R-104-T-008,S-04,4,2.6,2024-03-15 08:49:52,2024-03-15 08:49:52,2024-03-15 08:51:22,2024-03-15 08:51:22,On Time,Within tolerance — 0.0m arrival variance
R-104,R-104-T-008,S-05,5,2.4,2024-03-15 09:00:34,2024-03-15 09:01:39,2024-03-15 09:01:39,2024-03-15 09:02:44,On Time,Within tolerance — 1.1m arrival variance
R-104,R-104-T-008,S-06,6,1.3,2024-03-15 09:07:39,2024-03-15 09:07:39,2024-03-15 09:09:09,2024-03-15 09:09:09,On Time,Within tolerance — 0.0m arrival variance
R-104,R-104-T-008,S-07,7,1.0,2024-03-15 09:13:08,2024-03-15 09:13:40,2024-03-15 09:14:17,2024-03-15 09:14:49,On Time,Within tolerance — 0.5m arrival variance
R-104,R-104-T-008,S-08,8,1.5,2024-03-15 09:18:06,2024-03-15 09:19:46,2024-03-15 09:18:38,2024-03-15 09:20:18,On Time,Within tolerance — 1.7m arrival variance
R-104,R-104-T-008,S-09,9,2.9,2024-03-15 09:22:27,2024-03-15 09:24:27,2024-03-15 09:23:02,2024-03-15 09:25:02,On Time,Within tolerance — 2.0m arrival variance
R-104,R-104-T-008,S-10,10,0.0,2024-03-15 09:30:35,2024-03-15 09:32:33,2024-03-15 09:32:47,2024-03-15 09:34:45,On Time,Within tolerance — 2.0m arrival variance
R-104,R-104-T-009,S-01,1,5.2,2024-03-15 08:37:00,2024-03-15 08:37:00,2024-03-15 08:39:16,2024-03-15 08:45:59,Vehicle Turnaround Delay,Depot dispatch delay on R-104 — 7m late departure from first stop
R-104,R-104-T-009,S-02,2,3.0,2024-03-15 08:42:54,2024-03-15 08:48:50,2024-03-15 08:43:47,2024-03-15 08:49:43,On Time,Within tolerance — 5.9m arrival variance
R-104,R-104-T-009,S-03,3,2.0,2024-03-15 08:55:32,2024-03-15 09:01:21,2024-03-15 08:56:07,2024-03-15 09:01:56,On Time,Within tolerance — 5.8m arrival variance
R-104,R-104-T-009,S-04,4,0.8,2024-03-15 09:03:26,2024-03-15 09:05:46,2024-03-15 09:04:16,2024-03-15 09:06:36,On Time,Within tolerance — 2.3m arrival variance
R-104,R-104-T-009,S-05,5,0.8,2024-03-15 09:07:07,2024-03-15 09:09:24,2024-03-15 09:07:57,2024-03-15 09:10:14,On Time,Within tolerance — 2.3m arrival variance
R-104,R-104-T-009,S-06,6,0.9,2024-03-15 09:10:11,2024-03-15 09:17:40,2024-03-15 09:11:07,2024-03-15 09:18:36,On Time,Within tolerance — 7.5m arrival variance
R-104,R-104-T-009,S-07,7,2.8,2024-03-15 09:13:51,2024-03-15 09:20:00,2024-03-15 09:14:29,2024-03-15 09:20:38,On Time,Within tolerance — 6.2m arrival variance
R-104,R-104-T-009,S-08,8,2.0,2024-03-15 09:23:36,2024-03-15 09:29:05,2024-03-15 09:24:37,2024-03-15 09:30:06,On Time,Within tolerance — 5.5m arrival variance
R-104,R-104-T-009,S-09,9,0.7,2024-03-15 09:29:27,2024-03-15 09:33:00,2024-03-15 09:30:10,2024-03-15 09:33:43,On Time,Within tolerance — 3.5m arrival variance
R-104,R-104-T-009,S-10,10,0.0,2024-03-15 09:32:39,2024-03-15 09:35:38,2024-03-15 09:36:31,2024-03-15 09:39:30,On Time,Within tolerance — 3.0m arrival variance
R-104,R-104-T-010,S-01,1,6.3,2024-03-15 08:49:00,2024-03-15 08:49:52,2024-03-15 08:52:29,2024-03-15 08:57:29,Vehicle Turnaround Delay,Depot dispatch delay on R-104 — 5m late departure from first stop
R-104,R-104-T-010,S-02,2,1.0,2024-03-15 08:56:41,2024-03-15 09:02:38,2024-03-15 08:57:46,2024-03-15 09:09:24,Excessive Stop Dwell Time,Boarding surge — dwell exceeded schedule by 6m at S-02 (likely high-volume stop or accessibility ramp)
R-104,R-104-T-010,S-03,3,2.7,2024-03-15 09:00:42,2024-03-15 09:13:32,2024-03-15 09:01:35,2024-03-15 09:18:37,Excessive Stop Dwell Time,Minor hold at S-03 — dwell over by 4m (possible fare dispute or door fault)
R-104,R-104-T-010,S-04,4,2.5,2024-03-15 09:08:19,2024-03-15 09:21:27,2024-03-15 09:09:13,2024-03-15 09:22:21,Route Congestion Pattern,"Localised bottleneck near S-04 on R-104 — isolated arrival delay of 13m, dwell normal"
R-104,R-104-T-010,S-05,5,1.6,2024-03-15 09:18:47,2024-03-15 09:30:32,2024-03-15 09:19:58,2024-03-15 09:31:43,Route Congestion Pattern,Sustained corridor congestion on R-104 — 3 consecutive stops showing 10m+ delays including S-05
R-104,R-104-T-010,S-06,6,0.8,2024-03-15 09:26:13,2024-03-15 09:37:45,2024-03-15 09:27:39,2024-03-15 09:39:11,Route Congestion Pattern,Sustained corridor congestion on R-104 — 3 consecutive stops showing 10m+ delays including S-06
R-104,R-104-T-010,S-07,7,2.3,2024-03-15 09:30:16,2024-03-15 09:40:24,2024-03-15 09:31:15,2024-03-15 09:41:23,Route Congestion Pattern,Sustained corridor congestion on R-104 — 3 consecutive stops showing 10m+ delays including S-07
R-104,R-104-T-010,S-08,8,1.7,2024-03-15 09:39:01,2024-03-15 09:52:18,2024-03-15 09:40:08,2024-03-15 09:53:25,Route Congestion Pattern,Sustained corridor congestion on R-104 — 3 consecutive stops showing 10m+ delays including S-08
R-104,R-104-T-010,S-09,9,1.6,2024-03-15 09:44:43,2024-03-15 09:57:06,2024-03-15 09:45:46,2024-03-15 09:58:09,Route Congestion Pattern,Sustained corridor congestion on R-104 — 3 consecutive stops showing 10m+ delays including S-09
R-104,R-104-T-010,S-10,10,0.0,2024-03-15 09:50:26,2024-03-15 10:02:58,2024-03-15 09:54:17,2024-03-15 10:06:49,Route Congestion Pattern,Sustained corridor congestion on R-104 — 3 consecutive stops showing 10m+ delays including S-10
R-105,R-105-T-001,S-01,1,1.6,2024-03-15 06:10:00,2024-03-15 06:10:00,2024-03-15 06:13:21,2024-03-15 06:13:21,On Time,Within tolerance — 0.0m arrival variance
R-105,R-105-T-001,S-02,2,1.4,2024-03-15 06:17:31,2024-03-15 06:17:31,2024-03-15 06:18:30,2024-03-15 06:18:30,On Time,Within tolerance — 0.0m arrival variance
R-105,R-105-T-001,S-03,3,6.6,2024-03-15 06:22:15,2024-03-15 06:22:15,2024-03-15 06:23:45,2024-03-15 06:23:45,Unrealistic Timetable,Schedule physically impossible — requires 91 km/h between S-03 and next stop (urban bus max ~50 km/h)
R-105,R-105-T-001,S-04,4,0.6,2024-03-15 06:28:07,2024-03-15 06:29:11,2024-03-15 06:29:08,2024-03-15 06:30:12,On Time,Within tolerance — 1.1m arrival variance
R-105,R-105-T-001,S-05,5,3.0,2024-03-15 06:31:20,2024-03-15 06:32:46,2024-03-15 06:32:41,2024-03-15 06:34:07,On Time,Within tolerance — 1.4m arrival variance
R-105,R-105-T-001,S-06,6,2.2,2024-03-15 06:42:58,2024-03-15 06:43:06,2024-03-15 06:44:25,2024-03-15 06:44:33,On Time,Within tolerance — 0.1m arrival variance
R-105,R-105-T-001,S-07,7,1.1,2024-03-15 06:52:38,2024-03-15 06:53:41,2024-03-15 06:53:19,2024-03-15 06:59:49,Excessive Stop Dwell Time,Boarding surge — dwell exceeded schedule by 5m at S-07 (likely high-volume stop or accessibility ramp)
R-105,R-105-T-001,S-08,8,1.6,2024-03-15 06:56:48,2024-03-15 07:03:54,2024-03-15 06:57:37,2024-03-15 07:04:43,On Time,Within tolerance — 7.1m arrival variance
R-105,R-105-T-001,S-09,9,0.0,2024-03-15 07:02:31,2024-03-15 07:06:44,2024-03-15 07:05:04,2024-03-15 07:09:17,On Time,Within tolerance — 4.2m arrival variance
R-105,R-105-T-002,S-01,1,2.6,2024-03-15 06:20:00,2024-03-15 06:20:25,2024-03-15 06:23:04,2024-03-15 06:23:29,On Time,Within tolerance — 0.4m arrival variance
R-105,R-105-T-002,S-02,2,2.9,2024-03-15 06:33:01,2024-03-15 06:33:43,2024-03-15 06:33:43,2024-03-15 06:34:25,On Time,Within tolerance — 0.7m arrival variance
R-105,R-105-T-002,S-03,3,6.3,2024-03-15 06:43:25,2024-03-15 06:44:10,2024-03-15 06:43:55,2024-03-15 06:44:40,Unrealistic Timetable,Schedule physically impossible — requires 101 km/h between S-03 and next stop (urban bus max ~50 km/h)
R-105,R-105-T-002,S-04,4,1.9,2024-03-15 06:47:39,2024-03-15 06:47:41,2024-03-15 06:48:29,2024-03-15 06:48:31,On Time,Within tolerance — 0.0m arrival variance
R-105,R-105-T-002,S-05,5,0.8,2024-03-15 06:54:11,2024-03-15 06:55:11,2024-03-15 06:54:52,2024-03-15 06:55:52,On Time,Within tolerance — 1.0m arrival variance
R-105,R-105-T-002,S-06,6,3.0,2024-03-15 06:57:47,2024-03-15 06:58:50,2024-03-15 06:58:35,2024-03-15 07:03:54,Excessive Stop Dwell Time,Minor hold at S-06 — dwell over by 4m (possible fare dispute or door fault)
R-105,R-105-T-002,S-07,7,2.1,2024-03-15 07:09:54,2024-03-15 07:16:29,2024-03-15 07:10:31,2024-03-15 07:17:06,On Time,Within tolerance — 6.6m arrival variance
R-105,R-105-T-002,S-08,8,1.3,2024-03-15 07:17:10,2024-03-15 07:23:47,2024-03-15 07:18:03,2024-03-15 07:24:40,On Time,Within tolerance — 6.6m arrival variance
R-105,R-105-T-002,S-09,9,0.0,2024-03-15 07:21:23,2024-03-15 07:27:31,2024-03-15 07:23:44,2024-03-15 07:29:52,On Time,Within tolerance — 6.1m arrival variance
R-105,R-105-T-003,S-01,1,1.7,2024-03-15 06:32:00,2024-03-15 06:32:00,2024-03-15 06:35:28,2024-03-15 06:35:28,On Time,Within tolerance — 0.0m arrival variance
R-105,R-105-T-003,S-02,2,1.7,2024-03-15 06:41:09,2024-03-15 06:42:27,2024-03-15 06:42:15,2024-03-15 06:43:33,On Time,Within tolerance — 1.3m arrival variance
R-105,R-105-T-003,S-03,3,5.9,2024-03-15 06:46:37,2024-03-15 06:47:55,2024-03-15 06:47:30,2024-03-15 06:48:48,Unrealistic Timetable,Schedule physically impossible — requires 83 km/h between S-03 and next stop (urban bus max ~50 km/h)
R-105,R-105-T-003,S-04,4,0.8,2024-03-15 06:51:45,2024-03-15 06:52:32,2024-03-15 06:52:26,2024-03-15 06:58:00,Excessive Stop Dwell Time,Minor hold at S-04 — dwell over by 5m (possible fare dispute or door fault)
R-105,R-105-T-003,S-05,5,0.8,2024-03-15 06:54:32,2024-03-15 07:04:21,2024-03-15 06:55:54,2024-03-15 07:05:43,On Time,Within tolerance — 9.8m arrival variance
R-105,R-105-T-003,S-06,6,2.9,2024-03-15 06:58:49,2024-03-15 07:06:00,2024-03-15 06:59:32,2024-03-15 07:06:43,On Time,Within tolerance — 7.2m arrival variance
R-105,R-105-T-003,S-07,7,1.9,2024-03-15 07:07:24,2024-03-15 07:16:56,2024-03-15 07:08:36,2024-03-15 07:22:14,Excessive Stop Dwell Time,Minor hold at S-07 — dwell over by 4m (possible fare dispute or door fault)
R-105,R-105-T-003,S-08,8,1.8,2024-03-15 07:13:51,2024-03-15 07:25:22,2024-03-15 07:14:41,2024-03-15 07:26:12,Route Congestion Pattern,"Localised bottleneck near S-08 on R-105 — isolated arrival delay of 12m, dwell normal"
R-105,R-105-T-003,S-09,9,0.0,2024-03-15 07:20:05,2024-03-15 07:31:39,2024-03-15 07:23:51,2024-03-15 07:35:25,Route Congestion Pattern,"Localised bottleneck near S-09 on R-105 — isolated arrival delay of 12m, dwell normal"
R-105,R-105-T-004,S-01,1,2.9,2024-03-15 06:44:00,2024-03-15 06:44:00,2024-03-15 06:47:12,2024-03-15 06:47:12,On Time,Within tolerance — 0.0m arrival variance
R-105,R-105-T-004,S-02,2,1.8,2024-03-15 06:58:21,2024-03-15 06:58:34,2024-03-15 06:59:39,2024-03-15 06:59:52,On Time,Within tolerance — 0.2m arrival variance
R-105,R-105-T-004,S-03,3,5.4,2024-03-15 07:04:49,2024-03-15 07:07:57,2024-03-15 07:05:31,2024-03-15 07:08:39,Unrealistic Timetable,Schedule physically impossible — requires 86 km/h between S-03 and next stop (urban bus max ~50 km/h)
R-105,R-105-T-004,S-04,4,1.7,2024-03-15 07:09:18,2024-03-15 07:11:35,2024-03-15 07:09:58,2024-03-15 07:12:15,On Time,Within tolerance — 2.3m arrival variance
R-105,R-105-T-004,S-05,5,2.9,2024-03-15 07:14:47,2024-03-15 07:20:38,2024-03-15 07:15:42,2024-03-15 07:21:33,On Time,Within tolerance — 5.8m arrival variance
R-105,R-105-T-004,S-06,6,1.9,2024-03-15 07:23:50,2024-03-15 07:27:25,2024-03-15 07:25:16,2024-03-15 07:28:51,On Time,Within tolerance — 3.6m arrival variance
R-105,R-105-T-004,S-07,7,2.8,2024-03-15 07:30:55,2024-03-15 07:33:28,2024-03-15 07:32:01,2024-03-15 07:34:34,On Time,Within tolerance — 2.5m arrival variance
R-105,R-105-T-004,S-08,8,1.1,2024-03-15 07:43:09,2024-03-15 07:45:23,2024-03-15 07:43:42,2024-03-15 07:45:56,On Time,Within tolerance — 2.2m arrival variance
R-105,R-105-T-004,S-09,9,0.0,2024-03-15 07:46:27,2024-03-15 07:47:56,2024-03-15 07:48:48,2024-03-15 07:50:17,On Time,Within tolerance — 1.5m arrival variance
R-105,R-105-T-005,S-01,1,2.1,2024-03-15 07:04:00,2024-03-15 07:04:25,2024-03-15 07:07:12,2024-03-15 07:11:47,Excessive Stop Dwell Time,Minor hold at S-01 — dwell over by 4m (possible fare dispute or door fault)
R-105,R-105-T-005,S-02,2,2.6,2024-03-15 07:15:22,2024-03-15 07:21:16,2024-03-15 07:16:11,2024-03-15 07:22:05,On Time,Within tolerance — 5.9m arrival variance
R-105,R-105-T-005,S-03,3,5.5,2024-03-15 07:25:46,2024-03-15 07:31:09,2024-03-15 07:26:34,2024-03-15 07:31:57,Unrealistic Timetable,Schedule physically impossible — requires 102 km/h between S-03 and next stop (urban bus max ~50 km/h)
R-105,R-105-T-005,S-04,4,1.1,2024-03-15 07:29:49,2024-03-15 07:31:57,2024-03-15 07:31:15,2024-03-15 07:33:23,On Time,Within tolerance — 2.1m arrival variance
R-105,R-105-T-005,S-05,5,1.7,2024-03-15 07:34:37,2024-03-15 07:37:33,2024-03-15 07:36:05,2024-03-15 07:39:01,On Time,Within tolerance — 2.9m arrival variance
R-105,R-105-T-005,S-06,6,1.3,2024-03-15 07:42:19,2024-03-15 07:42:57,2024-03-15 07:42:50,2024-03-15 07:43:28,On Time,Within tolerance — 0.6m arrival variance
R-105,R-105-T-005,S-07,7,1.6,2024-03-15 07:47:00,2024-03-15 07:48:27,2024-03-15 07:48:27,2024-03-15 07:49:54,On Time,Within tolerance — 1.4m arrival variance
R-105,R-105-T-005,S-08,8,1.1,2024-03-15 07:52:35,2024-03-15 07:52:35,2024-03-15 07:53:20,2024-03-15 07:53:20,On Time,Within tolerance — 0.0m arrival variance
R-105,R-105-T-005,S-09,9,0.0,2024-03-15 07:57:04,2024-03-15 07:57:42,2024-03-15 07:59:58,2024-03-15 08:00:36,On Time,Within tolerance — 0.6m arrival variance
R-105,R-105-T-006,S-01,1,0.9,2024-03-15 07:16:00,2024-03-15 07:17:22,2024-03-15 07:18:49,2024-03-15 07:20:11,On Time,Within tolerance — 1.4m arrival variance
R-105,R-105-T-006,S-02,2,0.9,2024-03-15 07:21:20,2024-03-15 07:26:19,2024-03-15 07:21:50,2024-03-15 07:26:49,On Time,Within tolerance — 5.0m arrival variance
R-105,R-105-T-006,S-03,3,4.2,2024-03-15 07:24:33,2024-03-15 07:26:55,2024-03-15 07:26:03,2024-03-15 07:28:25,Unrealistic Timetable,Schedule assumes no traffic — requires 80 km/h from S-03; needs revision to allow for signals and stops
R-105,R-105-T-006,S-04,4,1.0,2024-03-15 07:29:13,2024-03-15 07:31:07,2024-03-15 07:29:56,2024-03-15 07:31:50,On Time,Within tolerance — 1.9m arrival variance
R-105,R-105-T-006,S-05,5,1.9,2024-03-15 07:33:19,2024-03-15 07:37:28,2024-03-15 07:33:51,2024-03-15 07:38:00,On Time,Within tolerance — 4.2m arrival variance
R-105,R-105-T-006,S-06,6,2.8,2024-03-15 07:39:13,2024-03-15 07:42:14,2024-03-15 07:39:45,2024-03-15 07:42:46,On Time,Within tolerance — 3.0m arrival variance
R-105,R-105-T-006,S-07,7,1.4,2024-03-15 07:50:50,2024-03-15 07:54:04,2024-03-15 07:51:23,2024-03-15 08:00:14,Excessive Stop Dwell Time,Boarding surge — dwell exceeded schedule by 6m at S-07 (likely high-volume stop or accessibility ramp)
R-105,R-105-T-006,S-08,8,1.8,2024-03-15 07:55:41,2024-03-15 08:03:11,2024-03-15 07:56:13,2024-03-15 08:09:24,Excessive Stop Dwell Time,Boarding surge — dwell exceeded schedule by 6m at S-08 (likely high-volume stop or accessibility ramp)
R-105,R-105-T-006,S-09,9,0.0,2024-03-15 08:01:56,2024-03-15 08:16:56,2024-03-15 08:05:21,2024-03-15 08:20:21,Route Congestion Pattern,"Localised bottleneck near S-09 on R-105 — isolated arrival delay of 15m, dwell normal"
R-105,R-105-T-007,S-01,1,1.2,2024-03-15 07:34:00,2024-03-15 07:34:00,2024-03-15 07:36:06,2024-03-15 07:36:06,On Time,Within tolerance — 0.0m arrival variance
R-105,R-105-T-007,S-02,2,1.6,2024-03-15 07:39:32,2024-03-15 07:40:41,2024-03-15 07:40:14,2024-03-15 07:41:23,On Time,Within tolerance — 1.1m arrival variance
R-105,R-105-T-007,S-03,3,6.8,2024-03-15 07:45:34,2024-03-15 07:51:29,2024-03-15 07:46:41,2024-03-15 07:52:36,Unrealistic Timetable,Schedule physically impossible — requires 91 km/h between S-03 and next stop (urban bus max ~50 km/h)
R-105,R-105-T-007,S-04,4,1.1,2024-03-15 07:51:10,2024-03-15 07:57:44,2024-03-15 07:52:01,2024-03-15 07:58:35,On Time,Within tolerance — 6.6m arrival variance
R-105,R-105-T-007,S-05,5,3.0,2024-03-15 07:55:06,2024-03-15 07:58:45,2024-03-15 07:55:54,2024-03-15 07:59:33,On Time,Within tolerance — 3.6m arrival variance
R-105,R-105-T-007,S-06,6,1.1,2024-03-15 08:07:17,2024-03-15 08:11:58,2024-03-15 08:08:47,2024-03-15 08:13:28,On Time,Within tolerance — 4.7m arrival variance
R-105,R-105-T-007,S-07,7,2.3,2024-03-15 08:12:25,2024-03-15 08:15:40,2024-03-15 08:13:00,2024-03-15 08:21:03,Excessive Stop Dwell Time,Minor hold at S-07 — dwell over by 5m (possible fare dispute or door fault)
R-105,R-105-T-007,S-08,8,0.9,2024-03-15 08:20:17,2024-03-15 08:26:29,2024-03-15 08:20:55,2024-03-15 08:27:07,On Time,Within tolerance — 6.2m arrival variance
R-105,R-105-T-007,S-09,9,0.0,2024-03-15 08:24:30,2024-03-15 08:28:52,2024-03-15 08:26:39,2024-03-15 08:31:01,On Time,Within tolerance — 4.4m arrival variance
R-105,R-105-T-008,S-01,1,2.2,2024-03-15 07:48:00,2024-03-15 07:48:00,2024-03-15 07:51:18,2024-03-15 07:51:18,On Time,Within tolerance — 0.0m arrival variance
R-105,R-105-T-008,S-02,2,2.5,2024-03-15 07:56:39,2024-03-15 07:56:47,2024-03-15 07:58:00,2024-03-15 07:58:08,On Time,Within tolerance — 0.1m arrival variance
R-105,R-105-T-008,S-03,3,5.0,2024-03-15 08:07:09,2024-03-15 08:07:09,2024-03-15 08:07:48,2024-03-15 08:07:48,Unrealistic Timetable,Schedule assumes no traffic — requires 78 km/h from S-03; needs revision to allow for signals and stops
R-105,R-105-T-008,S-04,4,1.2,2024-03-15 08:11:40,2024-03-15 08:11:40,2024-03-15 08:12:16,2024-03-15 08:16:22,Excessive Stop Dwell Time,Minor hold at S-04 — dwell over by 4m (possible fare dispute or door fault)
R-105,R-105-T-008,S-05,5,3.0,2024-03-15 08:15:30,2024-03-15 08:18:38,2024-03-15 08:16:10,2024-03-15 08:19:18,On Time,Within tolerance — 3.1m arrival variance
R-105,R-105-T-008,S-06,6,0.8,2024-03-15 08:25:51,2024-03-15 08:26:56,2024-03-15 08:26:28,2024-03-15 08:27:33,On Time,Within tolerance — 1.1m arrival variance
R-105,R-105-T-008,S-07,7,1.7,2024-03-15 08:29:08,2024-03-15 08:29:08,2024-03-15 08:30:29,2024-03-15 08:30:29,On Time,Within tolerance — 0.0m arrival variance
R-105,R-105-T-008,S-08,8,1.8,2024-03-15 08:35:31,2024-03-15 08:35:31,2024-03-15 08:36:09,2024-03-15 08:36:09,On Time,Within tolerance — 0.0m arrival variance
R-105,R-105-T-008,S-09,9,0.0,2024-03-15 08:41:02,2024-03-15 08:41:02,2024-03-15 08:43:22,2024-03-15 08:43:22,On Time,Within tolerance — 0.0m arrival variance
R-105,R-105-T-009,S-01,1,2.7,2024-03-15 08:06:00,2024-03-15 08:07:04,2024-03-15 08:08:52,2024-03-15 08:09:56,On Time,Within tolerance — 1.1m arrival variance
R-105,R-105-T-009,S-02,2,1.9,2024-03-15 08:16:56,2024-03-15 08:17:06,2024-03-15 08:17:48,2024-03-15 08:17:58,On Time,Within tolerance — 0.2m arrival variance
R-105,R-105-T-009,S-03,3,4.1,2024-03-15 08:23:32,2024-03-15 08:24:21,2024-03-15 08:24:04,2024-03-15 08:24:53,Unrealistic Timetable,Schedule physically impossible — requires 109 km/h between S-03 and next stop (urban bus max ~50 km/h)
R-105,R-105-T-009,S-04,4,0.7,2024-03-15 08:26:19,2024-03-15 08:26:19,2024-03-15 08:26:55,2024-03-15 08:26:55,On Time,Within tolerance — 0.0m arrival variance
R-105,R-105-T-009,S-05,5,2.5,2024-03-15 08:28:38,2024-03-15 08:28:38,2024-03-15 08:29:39,2024-03-15 08:29:39,On Time,Within tolerance — 0.0m arrival variance
R-105,R-105-T-009,S-06,6,2.0,2024-03-15 08:38:55,2024-03-15 08:38:55,2024-03-15 08:39:58,2024-03-15 08:39:58,On Time,Within tolerance — 0.0m arrival variance
R-105,R-105-T-009,S-07,7,1.3,2024-03-15 08:45:17,2024-03-15 08:45:32,2024-03-15 08:45:50,2024-03-15 08:49:40,Excessive Stop Dwell Time,Minor hold at S-07 — dwell over by 4m (possible fare dispute or door fault)
R-105,R-105-T-009,S-08,8,1.0,2024-03-15 08:49:58,2024-03-15 08:52:28,2024-03-15 08:51:19,2024-03-15 08:53:49,On Time,Within tolerance — 2.5m arrival variance
R-105,R-105-T-009,S-09,9,0.0,2024-03-15 08:55:04,2024-03-15 09:00:14,2024-03-15 08:58:24,2024-03-15 09:03:34,On Time,Within tolerance — 5.2m arrival variance
R-105,R-105-T-010,S-01,1,2.7,2024-03-15 08:16:00,2024-03-15 08:16:09,2024-03-15 08:19:36,2024-03-15 08:19:45,On Time,Within tolerance — 0.1m arrival variance
R-105,R-105-T-010,S-02,2,0.5,2024-03-15 08:27:32,2024-03-15 08:27:32,2024-03-15 08:28:06,2024-03-15 08:28:06,On Time,Within tolerance — 0.0m arrival variance
R-105,R-105-T-010,S-03,3,4.2,2024-03-15 08:29:38,2024-03-15 08:29:38,2024-03-15 08:30:37,2024-03-15 08:30:37,Unrealistic Timetable,Schedule assumes no traffic — requires 74 km/h from S-03; needs revision to allow for signals and stops
R-105,R-105-T-010,S-04,4,2.7,2024-03-15 08:34:00,2024-03-15 08:34:00,2024-03-15 08:35:18,2024-03-15 08:35:18,On Time,Within tolerance — 0.0m arrival variance
R-105,R-105-T-010,S-05,5,1.0,2024-03-15 08:44:02,2024-03-15 08:45:15,2024-03-15 08:44:39,2024-03-15 08:45:52,On Time,Within tolerance — 1.2m arrival variance
R-105,R-105-T-010,S-06,6,1.7,2024-03-15 08:47:17,2024-03-15 08:48:26,2024-03-15 08:47:59,2024-03-15 08:49:08,On Time,Within tolerance — 1.1m arrival variance
R-105,R-105-T-010,S-07,7,1.9,2024-03-15 08:53:39,2024-03-15 08:55:05,2024-03-15 08:54:32,2024-03-15 08:55:58,On Time,Within tolerance — 1.4m arrival variance
R-105,R-105-T-010,S-08,8,0.7,2024-03-15 09:00:57,2024-03-15 09:01:03,2024-03-15 09:02:15,2024-03-15 09:02:21,On Time,Within tolerance — 0.1m arrival variance
R-105,R-105-T-010,S-09,9,0.0,2024-03-15 09:04:23,2024-03-15 09:04:23,2024-03-15 09:07:32,2024-03-15 09:11:33,Excessive Stop Dwell Time,Minor hold at S-09 — dwell over by 4m (possible fare dispute or door fault)
R-105,R-105-T-011,S-01,1,0.5,2024-03-15 08:27:00,2024-03-15 08:28:18,2024-03-15 08:29:59,2024-03-15 08:31:17,On Time,Within tolerance — 1.3m arrival variance
R-105,R-105-T-011,S-02,2,2.2,2024-03-15 08:31:15,2024-03-15 08:31:17,2024-03-15 08:32:31,2024-03-15 08:32:33,On Time,Within tolerance — 0.0m arrival variance
R-105,R-105-T-011,S-03,3,5.3,2024-03-15 08:40:55,2024-03-15 08:41:44,2024-03-15 08:41:33,2024-03-15 08:42:22,Unrealistic Timetable,Schedule physically impossible — requires 91 km/h between S-03 and next stop (urban bus max ~50 km/h)
R-105,R-105-T-011,S-04,4,1.7,2024-03-15 08:45:02,2024-03-15 08:46:02,2024-03-15 08:46:02,2024-03-15 08:47:02,On Time,Within tolerance — 1.0m arrival variance
R-105,R-105-T-011,S-05,5,1.6,2024-03-15 08:52:29,2024-03-15 08:52:29,2024-03-15 08:53:51,2024-03-15 08:53:51,On Time,Within tolerance — 0.0m arrival variance
R-105,R-105-T-011,S-06,6,1.6,2024-03-15 08:59:36,2024-03-15 09:01:01,2024-03-15 09:00:23,2024-03-15 09:01:48,On Time,Within tolerance — 1.4m arrival variance
R-105,R-105-T-011,S-07,7,2.1,2024-03-15 09:06:38,2024-03-15 09:06:47,2024-03-15 09:07:16,2024-03-15 09:07:25,On Time,Within tolerance — 0.1m arrival variance
R-105,R-105-T-011,S-08,8,1.5,2024-03-15 09:14:16,2024-03-15 09:14:16,2024-03-15 09:15:23,2024-03-15 09:15:23,On Time,Within tolerance — 0.0m arrival variance
R-105,R-105-T-011,S-09,9,0.0,2024-03-15 09:19:17,2024-03-15 09:22:59,2024-03-15 09:23:03,2024-03-15 09:30:08,Excessive Stop Dwell Time,Minor hold at S-09 — dwell over by 3m (possible fare dispute or door fault)
R-105,R-105-T-012,S-01,1,2.3,2024-03-15 08:46:00,2024-03-15 08:47:02,2024-03-15 08:49:23,2024-03-15 08:50:25,On Time,Within tolerance — 1.0m arrival variance
